ds,trend,cap,floor,yhat_lower,yhat_upper,trend_lower,trend_upper,additive_terms,additive_terms_lower,additive_terms_upper,weekly,weekly_lower,weekly_upper,yearly,yearly_lower,yearly_upper,multiplicative_terms,multiplicative_terms_lower,multiplicative_terms_upper,yhat
2025-07-04,11.404694009732383,130.5,0,-20.61654666388353,-0.5217330325970304,11.404694009732383,11.404694009732383,-22.333596903709676,-22.333596903709676,-22.333596903709676,0.4548191270836371,0.4548191270836371,0.4548191270836371,-22.78841603079331,-22.78841603079331,-22.78841603079331,0.0,0.0,0.0,-10.928902893977293
2025-07-06,11.628036191997952,130.5,0,-15.872336786763391,4.016363842029736,11.628036191997952,11.628036191997952,-18.204604508690853,-18.204604508690853,-18.204604508690853,-0.18947062743981996,-0.18947062743981996,-0.18947062743981996,-18.015133881251035,-18.015133881251035,-18.015133881251035,0.0,0.0,0.0,-6.576568316692901
2025-07-07,11.741180914881921,130.5,0,-14.480256388855459,5.5842854535152116,11.741180914881921,11.741180914881921,-15.78989094457053,-15.78989094457053,-15.78989094457053,-0.15581518633784014,-0.15581518633784014,-0.15581518633784014,-15.63407575823269,-15.63407575823269,-15.63407575823269,0.0,0.0,0.0,-4.048710029688609
2025-07-08,11.85531677578078,130.5,0,-12.848759499271516,6.865671406915978,11.85531677578078,11.85531677578078,-15.039526411671813,-15.039526411671813,-15.039526411671813,-1.7569417487249708,-1.7569417487249708,-1.7569417487249708,-13.282584662946846,-13.282584662946846,-13.282584662946846,0.0,0.0,0.0,-3.1842096358910332
2025-07-09,11.970450315011545,130.5,0,-9.86189712865654,10.04648047552298,11.970450315011545,11.970450315011545,-12.02924309480605,-12.02924309480605,-12.02924309480605,-1.050388699199436,-1.050388699199436,-1.050388699199436,-10.978854395606616,-10.978854395606616,-10.978854395606616,0.0,0.0,0.0,-0.058792779794504924
2025-07-10,12.086588073891317,130.5,0,-5.23377305873731,15.022769864125916,12.086588073891317,12.086588073891317,-7.718749424911175,-7.718749424911175,-7.718749424911175,1.0209840282021148,1.0209840282021148,1.0209840282021148,-8.73973345311329,-8.73973345311329,-8.73973345311329,0.0,0.0,0.0,4.3678386489801415
2025-07-11,12.20373659376086,130.5,0,-3.924002578585558,16.370950513565045,12.20373659376086,12.20373659376086,-6.1256143606026106,-6.1256143606026106,-6.1256143606026106,0.4548191270830966,0.4548191270830966,0.4548191270830966,-6.580433487685708,-6.580433487685708,-6.580433487685708,0.0,0.0,0.0,6.07812223315825
2025-07-12,12.321902414988783,130.5,0,-0.7882975449349318,19.512616100318677,12.321902414988783,12.321902414988783,-2.837462989145509,-2.837462989145509,-2.837462989145509,1.6768131064260976,1.6768131064260976,1.6768131064260976,-4.514276095571606,-4.514276095571606,-4.514276095571606,0.0,0.0,0.0,9.484439425843274
2025-07-13,12.44109207595646,130.5,0,-0.7366968041318832,19.105894756051626,12.44109207595646,12.44109207595646,-2.74195389176809,-2.74195389176809,-2.74195389176809,-0.18947062743909296,-0.18947062743909296,-0.18947062743909296,-2.5524832643289974,-2.5524832643289974,-2.5524832643289974,0.0,0.0,0.0,9.69913818418837
2025-07-14,12.56131211202328,130.5,0,1.7732171840605044,21.35983130252829,12.56131211202328,12.56131211202328,-0.859830919633221,-0.859830919633221,-0.859830919633221,-0.1558151863397725,-0.1558151863397725,-0.1558151863397725,-0.7040157332934486,-0.7040157332934486,-0.7040157332934486,0.0,0.0,0.0,11.701481192390059
2025-07-15,12.682569054472411,130.5,0,1.486409636420535,21.58140971113222,12.682569054472411,12.682569054472411,-0.732404098854489,-0.732404098854489,-0.732404098854489,-1.7569417487292025,-1.7569417487292025,-1.7569417487292025,1.0245376498747136,1.0245376498747136,1.0245376498747136,0.0,0.0,0.0,11.950164955617922
2025-07-16,12.804869429436751,130.5,0,3.7398572471450744,24.371866291649866,12.804869429436751,12.804869429436751,1.5786290332834672,1.5786290332834672,1.5786290332834672,-1.050388699199595,-1.050388699199595,-1.050388699199595,2.629017732483062,2.629017732483062,2.629017732483062,0.0,0.0,0.0,14.383498462720219
2025-07-17,12.928219756805067,130.5,0,8.336025134133878,28.712069546116993,12.928219756805067,12.928219756805067,5.12868347829048,5.12868347829048,5.12868347829048,1.0209840281992484,1.0209840281992484,1.0209840281992484,4.107699450091232,4.107699450091232,4.107699450091232,0.0,0.0,0.0,18.056903235095547
2025-07-18,13.05262654636429,130.5,0,8.4986234391486,29.724808713113333,13.05262654636429,13.05262654636429,5.916062644363676,5.916062644363676,5.916062644363676,0.4548191270825558,0.4548191270825558,0.4548191270825558,5.461243517281122,5.461243517281122,5.461243517281122,0.0,0.0,0.0,18.968689190727968
2025-07-19,13.178096304850587,130.5,0,10.774546416035472,31.52188257853437,13.178096304850587,13.178096304850587,8.369410477453378,8.369410477453378,8.369410477453378,1.6768131064260157,1.6768131064260157,1.6768131064260157,6.692597371027364,6.692597371027364,6.692597371027364,0.0,0.0,0.0,21.547506782303966
2025-07-20,13.30463552665699,130.5,0,11.071396528043556,30.357472870762063,13.30463552665699,13.30463552665699,7.617377881402592,7.617377881402592,7.617377881402592,-0.18947062743687104,-0.18947062743687104,-0.18947062743687104,7.806848508839463,7.806848508839463,7.806848508839463,0.0,0.0,0.0,20.92201340805958
2025-07-21,13.432250695356734,130.5,0,11.81353475247963,31.789658064621456,13.432250695356734,13.432250695356734,8.65521927365369,8.65521927365369,8.65521927365369,-0.15581518633753874,-0.15581518633753874,-0.15581518633753874,8.811034459991228,8.811034459991228,8.811034459991228,0.0,0.0,0.0,22.087469969010424
2025-07-22,13.560948282508948,130.5,0,11.375068132757855,31.837960639373012,13.560948282508948,13.560948282508948,7.956972858158965,7.956972858158965,7.956972858158965,-1.7569417487281835,-1.7569417487281835,-1.7569417487281835,9.713914606887148,9.713914606887148,9.713914606887148,0.0,0.0,0.0,21.517921140667912
2025-07-23,13.69073474644399,130.5,0,13.186620855985307,32.8559414449165,13.69073474644399,13.69073474644399,9.475321211631133,9.475321211631133,9.475321211631133,-1.0503886992002223,-1.0503886992002223,-1.0503886992002223,10.525709910831356,10.525709910831356,10.525709910831356,0.0,0.0,0.0,23.166055958075123
2025-07-24,13.821616531028383,130.5,0,16.19528206266576,36.095951490229346,13.821616531028383,13.821616531028383,12.2788013004568,12.2788013004568,12.2788013004568,1.0209840281967864,1.0209840281967864,1.0209840281967864,11.257817272260015,11.257817272260015,11.257817272260015,0.0,0.0,0.0,26.10041783148518
2025-07-25,13.953600064409422,130.5,0,16.28755193416313,36.44668296085981,13.953600064409422,13.953600064409422,12.377324881559005,12.377324881559005,12.377324881559005,0.4548191270820152,0.4548191270820152,0.4548191270820152,11.92250575447699,11.92250575447699,11.92250575447699,0.0,0.0,0.0,26.330924945968427
2025-07-26,14.086691757739187,130.5,0,17.362016736136205,38.95054352703881,14.086691757739187,14.086691757739187,14.209415317480225,14.209415317480225,14.209415317480225,1.6768131064257326,1.6768131064257326,1.6768131064257326,12.532602211054492,12.532602211054492,12.532602211054492,0.0,0.0,0.0,28.29610707521941
2025-07-27,14.220898003878231,130.5,0,16.99945794293491,37.20696575555635,14.220898003878231,14.220898003878231,12.911703347482424,12.911703347482424,12.911703347482424,-0.18947062743916157,-0.18947062743916157,-0.18947062743916157,13.101173974921585,13.101173974921585,13.101173974921585,0.0,0.0,0.0,27.132601351360655
2025-07-28,14.356225176078613,130.5,0,17.039062266834396,37.78983771601727,14.356225176078613,14.356225176078613,13.4854010043811,13.4854010043811,13.4854010043811,-0.15581518633405178,-0.15581518633405178,-0.15581518633405178,13.64121619071515,13.64121619071515,13.64121619071515,0.0,0.0,0.0,27.841626180459713
2025-07-29,14.492667137052548,130.5,0,16.8239937801094,36.622344225518304,14.492667137052548,14.492667137052548,12.40840935733735,12.40840935733735,12.40840935733735,-1.756941748727164,-1.756941748727164,-1.756941748727164,14.165351106064513,14.165351106064513,14.165351106064513,0.0,0.0,0.0,26.901076494389898
2025-07-30,14.630242499169984,130.5,0,18.66208930551749,39.19259992594096,14.630242499169984,14.630242499169984,13.635157491972796,13.635157491972796,13.635157491972796,-1.0503886992109723,-1.0503886992109723,-1.0503886992109723,14.68554619118377,14.68554619118377,14.68554619118377,0.0,0.0,0.0,28.26539999114278
2025-07-31,14.768957567029865,130.5,0,19.968040078796697,41.18663700814527,14.768957567029865,14.768957567029865,16.233841372020514,16.233841372020514,16.233841372020514,1.0209840282029075,1.0209840282029075,1.0209840282029075,15.212857343817605,15.212857343817605,15.212857343817605,0.0,0.0,0.0,31.00279893905038
2025-08-01,14.908818620159169,130.5,0,21.25686945022025,40.816596905271886,14.908818620159169,14.908818620159169,16.21202180324441,16.21202180324441,16.21202180324441,0.4548191270839116,0.4548191270839116,0.4548191270839116,15.757202676160496,15.757202676160496,15.757202676160496,0.0,0.0,0.0,31.12084042340358
2025-08-02,15.049831911593985,130.5,0,22.635417820819367,43.13459866633974,15.049831911593985,15.049831911593985,18.003984600598475,18.003984600598475,18.003984600598475,1.6768131064255503,1.6768131064255503,1.6768131064255503,16.327171494172923,16.327171494172923,16.327171494172923,0.0,0.0,0.0,33.05381651219246
2025-08-03,15.192003666440307,130.5,0,22.382239577539018,42.25357330261245,15.192003666440307,15.192003666440307,16.740401464871677,16.740401464871677,16.740401464871677,-0.18947062744145224,-0.18947062744145224,-0.18947062744145224,16.92987209231313,16.92987209231313,16.92987209231313,0.0,0.0,0.0,31.932405131311985
2025-08-04,15.335340080414195,130.5,0,23.0566988159674,43.16893480247125,15.335340080414195,15.335340080414195,17.41500573963296,17.41500573963296,17.41500573963296,-0.15581518633181807,-0.15581518633181807,-0.15581518633181807,17.570820925964778,17.570820925964778,17.570820925964778,0.0,0.0,0.0,32.75034582004716
2025-08-05,15.47984731836176,130.5,0,21.915837354028092,42.650561699415526,15.47984731836176,15.47984731836176,16.49693286957754,16.49693286957754,16.49693286957754,-1.756941748726145,-1.756941748726145,-1.756941748726145,18.253874618303687,18.253874618303687,18.253874618303687,0.0,0.0,0.0,31.9767801879393
2025-08-06,15.625531512758768,130.5,0,24.144006169330996,43.367189084628286,15.625531512758768,15.625531512758768,17.930816438844445,17.930816438844445,17.930816438844445,-1.0503886992058356,-1.0503886992058356,-1.0503886992058356,18.98120513805028,18.98120513805028,18.98120513805028,0.0,0.0,0.0,33.556347951603215
2025-08-07,15.772398762190006,130.5,0,26.63112007298592,46.879133088273164,15.772398762190006,15.772398762190006,20.774301407330633,20.774301407330633,20.774301407330633,1.0209840282004454,1.0209840282004454,1.0209840282004454,19.753317379130184,19.753317379130184,19.753317379130184,0.0,0.0,0.0,36.54670016952064
2025-08-08,15.920455129808612,130.5,0,26.358885193229483,46.959151352652185,15.920455129808612,15.920455129808612,21.023926438735042,21.023926438735042,21.023926438735042,0.45481912708329303,0.45481912708329303,0.45481912708329303,20.569107311651752,20.569107311651752,20.569107311651752,0.0,0.0,0.0,36.944381568543655
2025-08-09,16.069706641775173,130.5,0,29.254915400361536,48.99560750145669,16.069706641775173,16.069706641775173,23.102770989619195,23.102770989619195,23.102770989619195,1.6768131064253675,1.6768131064253675,1.6768131064253675,21.425957883193824,21.425957883193824,21.425957883193824,0.0,0.0,0.0,39.17247763139437
2025-08-10,16.22015928579083,130.5,0,27.733801797581343,48.085474615801076,16.22015928579083,16.22015928579083,22.130398327661418,22.130398327661418,22.130398327661418,-0.18947062743923007,-0.18947062743923007,-0.18947062743923007,22.319868955100645,22.319868955100645,22.319868955100645,0.0,0.0,0.0,38.35055761345225
2025-08-11,16.37181900915735,130.5,0,30.06254440666173,49.60685275458648,16.37181900915735,16.37181900915735,23.089801596031005,23.089801596031005,23.089801596031005,-0.15581518633791663,-0.15581518633791663,-0.15581518633791663,23.24561678236892,23.24561678236892,23.24561678236892,0.0,0.0,0.0,39.46162060518836
2025-08-12,16.52469171749448,130.5,0,28.276127981509863,48.318981482713326,16.52469171749448,16.52469171749448,22.43999615767543,22.43999615767543,22.43999615767543,-1.7569417487303767,-1.7569417487303767,-1.7569417487303767,24.196937906405807,24.196937906405807,24.196937906405807,0.0,0.0,0.0,38.964687875169915
2025-08-13,16.678783272988202,130.5,0,31.021516716748973,50.89782418820348,16.678783272988202,16.678783272988202,24.11634314249492,24.11634314249492,24.11634314249492,-1.0503886992117586,-1.0503886992117586,-1.0503886992117586,25.16673184170668,25.16673184170668,25.16673184170668,0.0,0.0,0.0,40.795126415483125
2025-08-14,16.834099492731674,130.5,0,33.30299421265319,54.17378619947792,16.834099492731674,16.834099492731674,27.168260638996948,27.168260638996948,27.168260638996948,1.0209840281979836,1.0209840281979836,1.0209840281979836,26.147276610798965,26.147276610798965,26.147276610798965,0.0,0.0,0.0,44.00236013172862
2025-08-15,16.99064614704682,130.5,0,35.23522490415067,54.216776414822704,16.99064614704682,16.99064614704682,27.585270149038063,27.585270149038063,27.585270149038063,0.45481912708518984,0.45481912708518984,0.45481912708518984,27.130451021952872,27.130451021952872,27.130451021952872,0.0,0.0,0.0,44.575916296084884
2025-08-16,17.14842895778702,130.5,0,38.138464689951405,57.534874945776295,17.14842895778702,17.14842895778702,29.784770698868932,29.784770698868932,29.784770698868932,1.676813106426316,1.676813106426316,1.676813106426316,28.107957592442613,28.107957592442613,28.107957592442613,0.0,0.0,0.0,46.93319965665595
2025-08-17,17.30745359662082,130.5,0,35.945015926689194,56.25447961308292,17.30745359662082,17.30745359662082,28.882069565143617,28.882069565143617,28.882069565143617,-0.18947062744152068,-0.18947062744152068,-0.18947062744152068,29.07154019258514,29.07154019258514,29.07154019258514,0.0,0.0,0.0,46.18952316176444
2025-08-18,17.467725683297168,130.5,0,37.4829315911797,57.420910210613854,17.467725683297168,17.467725683297168,29.857375628174246,29.857375628174246,29.857375628174246,-0.15581518633568286,-0.15581518633568286,-0.15581518633568286,30.013190814509926,30.013190814509926,30.013190814509926,0.0,0.0,0.0,47.325101311471414
2025-08-19,17.629250783892168,130.5,0,36.352494567139544,57.166518707214756,17.629250783892168,17.629250783892168,29.16839859359028,29.16839859359028,29.16839859359028,-1.7569417487283876,-1.7569417487283876,-1.7569417487283876,30.925340342318666,30.925340342318666,30.925340342318666,0.0,0.0,0.0,46.79764937748244
2025-08-20,17.792034409037687,130.5,0,38.437186528727125,58.57589400477802,17.792034409037687,17.792034409037687,30.75064010163063,30.75064010163063,30.75064010163063,-1.0503886992066216,-1.0503886992066216,-1.0503886992066216,31.80102880083725,31.80102880083725,31.80102880083725,0.0,0.0,0.0,48.54267451066832
2025-08-21,17.95608201086711,130.5,0,40.644689804960954,61.535547345880616,17.95608201086711,17.95608201086711,33.65503529769799,33.65503529769799,33.65503529769799,1.0209840282041045,1.0209840282041045,1.0209840282041045,32.63405126949389,32.63405126949389,32.63405126949389,0.0,0.0,0.0,51.6111173085651
2025-08-22,18.121398984983813,130.5,0,41.987609216113114,61.56303967302852,18.121398984983813,18.121398984983813,33.87389557076945,33.87389557076945,33.87389557076945,0.4548191270822117,0.4548191270822117,0.4548191270822117,33.41907644368723,33.41907644368723,33.41907644368723,0.0,0.0,0.0,51.99529455575326
2025-08-23,18.287990664880898,130.5,0,43.77292653529676,64.98206053367284,18.287990664880898,18.287990664880898,35.82854879121627,35.82854879121627,35.82854879121627,1.6768131064261336,1.6768131064261336,1.6768131064261336,34.15173568479014,34.15173568479014,34.15173568479014,0.0,0.0,0.0,54.11653945609717
2025-08-24,18.455862321345453,130.5,0,42.60666051397597,63.45466290736359,18.455862321345453,18.455862321345453,34.639210668429016,34.639210668429016,34.639210668429016,-0.18947062743853757,-0.18947062743853757,-0.18947062743853757,34.828681295867554,34.828681295867554,34.828681295867554,0.0,0.0,0.0,53.095072989774465
2025-08-25,18.625019160600445,130.5,0,43.850321709440756,64.5612151546118,18.625019160600445,18.625019160600445,35.291798481499924,35.291798481499924,35.291798481499924,-0.15581518633344893,-0.15581518633344893,-0.15581518633344893,35.44761366783337,35.44761366783337,35.44761366783337,0.0,0.0,0.0,53.91681764210037
2025-08-26,18.795466322430286,130.5,0,42.5320873658302,63.01238262903444,18.795466322430286,18.795466322430286,34.25033608528353,34.25033608528353,34.25033608528353,-1.7569417487273682,-1.7569417487273682,-1.7569417487273682,36.0072778340109,36.0072778340109,36.0072778340109,0.0,0.0,0.0,53.045802407713815
2025-08-27,18.96720887829023,130.5,0,44.98488133623131,64.95938570133039,18.96720887829023,18.96720887829023,35.457042126091686,35.457042126091686,35.457042126091686,-1.0503886992067808,-1.0503886992067808,-1.0503886992067808,36.507430825298464,36.507430825298464,36.507430825298464,0.0,0.0,0.0,54.424251004381915
2025-08-28,19.14025182940017,130.5,0,46.832804732484156,67.44014607355557,19.14025182940017,19.14025182940017,37.969766037911455,37.969766037911455,37.969766037911455,1.0209840282016427,1.0209840282016427,1.0209840282016427,36.94878200970981,36.94878200970981,36.94878200970981,0.0,0.0,0.0,57.110017867311626
2025-08-29,19.314600104823015,130.5,0,46.32893180747366,67.43649412292675,19.314600104823015,19.314600104823015,37.78772843537835,37.78772843537835,37.78772843537835,0.4548191270841083,0.4548191270841083,0.4548191270841083,37.33290930829424,37.33290930829424,37.33290930829424,0.0,0.0,0.0,57.10232854020136
2025-08-30,19.49025855952819,130.5,0,48.90408510321343,68.83746826681116,19.49025855952819,19.49025855952819,39.338967891733645,39.338967891733645,39.338967891733645,1.6768131064259513,1.6768131064259513,1.6768131064259513,37.6621547853077,37.6621547853077,37.6621547853077,0.0,0.0,0.0,58.82922645126183
2025-08-31,19.667231972440582,130.5,0,46.6677002332601,67.50035965946793,19.667231972440582,19.667231972440582,37.750032972135294,37.750032972135294,37.750032972135294,-0.1894706274408281,-0.1894706274408281,-0.1894706274408281,37.93950359957612,37.93950359957612,37.93950359957612,0.0,0.0,0.0,57.41726494457588
2025-09-01,19.84552504447538,130.5,0,48.08429406554111,67.53737488636588,19.84552504447538,19.84552504447538,38.01263547776149,38.01263547776149,38.01263547776149,-0.15581518633954763,-0.15581518633954763,-0.15581518633954763,38.16845066410104,38.16845066410104,38.16845066410104,0.0,0.0,0.0,57.85816052223687
2025-09-02,20.025142396804572,130.5,0,46.57950590013126,67.07841423338284,20.025142396804572,20.025142396804572,36.59591783620277,36.59591783620277,36.59591783620277,-1.756941748721098,-1.756941748721098,-1.756941748721098,38.35285958492387,38.35285958492387,38.35285958492387,0.0,0.0,0.0,56.62106023300734
2025-09-03,20.206088568132753,130.5,0,47.53577675543519,68.67430639347874,20.206088568132753,20.206088568132753,37.44642983506164,37.44642983506164,37.44642983506164,-1.0503886992069398,-1.0503886992069398,-1.0503886992069398,38.49681853426858,38.49681853426858,38.49681853426858,0.0,0.0,0.0,57.65251840319439
2025-09-04,20.38836801342098,130.5,0,49.020522832759895,70.15064165784328,20.38836801342098,20.38836801342098,39.62548168577435,39.62548168577435,39.62548168577435,1.0209840281987765,1.0209840281987765,1.0209840281987765,38.60449765757558,38.60449765757558,38.60449765757558,0.0,0.0,0.0,60.01384969919533
2025-09-05,20.571985101628204,130.5,0,50.68191204700512,70.55051324256817,20.571985101628204,20.571985101628204,39.13483155089734,39.13483155089734,39.13483155089734,0.4548191270860051,0.4548191270860051,0.4548191270860051,38.680012423811334,38.680012423811334,38.680012423811334,0.0,0.0,0.0,59.706816652525546
2025-09-06,20.756944113682593,130.5,0,51.52487466491473,70.89867138846003,20.756944113682593,20.756944113682593,40.404110118146804,40.404110118146804,40.404110118146804,1.676813106425668,1.676813106425668,1.676813106425668,38.72729701172114,38.72729701172114,38.72729701172114,0.0,0.0,0.0,61.1610542318294
2025-09-07,20.94324924044176,130.5,0,49.73971605043129,70.08650326699247,20.94324924044176,20.94324924044176,38.5605207657812,38.5605207657812,38.5605207657812,-0.1894706274408622,-0.1894706274408622,-0.1894706274408622,38.74999139322206,38.74999139322206,38.74999139322206,0.0,0.0,0.0,59.50377000622296
2025-09-08,21.130904580642266,130.5,0,49.668900611339794,70.0947767993237,21.130904580642266,21.130904580642266,38.595530057884375,38.595530057884375,38.595530057884375,-0.15581518633731373,-0.15581518633731373,-0.15581518633731373,38.75134524422168,38.75134524422168,38.75134524422168,0.0,0.0,0.0,59.72643463852664
2025-09-09,21.319914138839174,130.5,0,48.534900149708285,67.98557277626608,21.319914138839174,21.319914138839174,36.97719945134928,36.97719945134928,36.97719945134928,-1.7569417487243595,-1.7569417487243595,-1.7569417487243595,38.73414120007364,38.73414120007364,38.73414120007364,0.0,0.0,0.0,58.29711359018845
2025-09-10,21.510281823336012,130.5,0,48.55758755015155,68.77347348023568,21.510281823336012,21.510281823336012,37.65025059855082,37.65025059855082,37.65025059855082,-1.0503886992070983,-1.0503886992070983,-1.0503886992070983,38.700639297757924,38.700639297757924,38.700639297757924,0.0,0.0,0.0,59.16053242188683
2025-09-11,21.70201144410596,130.5,0,51.12044953751662,71.87782964188132,21.70201144410596,21.70201144410596,39.67352775883449,39.67352775883449,39.67352775883449,1.0209840281963145,1.0209840281963145,1.0209840281963145,38.65254373063817,38.65254373063817,38.65254373063817,0.0,0.0,0.0,61.375539202940445
2025-09-12,21.895106710704706,130.5,0,51.09528897567154,71.0293066995294,21.895106710704706,21.895106710704706,39.04581143372359,39.04581143372359,39.04581143372359,0.4548191270829491,0.4548191270829491,0.4548191270829491,38.59099230664064,38.59099230664064,38.59099230664064,0.0,0.0,0.0,60.940918144428295
2025-09-13,22.08957122875645,130.5,0,52.527410354973846,71.98167729005738,22.08957122875645,22.08957122875645,40.19338137548935,40.19338137548935,40.19338137548935,1.6768131064255862,1.6768131064255862,1.6768131064255862,38.51656826906376,38.51656826906376,38.51656826906376,0.0,0.0,0.0,62.28295260424581
2025-09-14,22.285408502090064,130.5,0,50.22215665848169,69.71900584311389,22.285408502090064,22.285408502090064,38.23986280539752,38.23986280539752,38.23986280539752,-0.18947062744089663,-0.18947062744089663,-0.18947062744089663,38.42933343283842,38.42933343283842,38.42933343283842,0.0,0.0,0.0,60.525271307487586
2025-09-15,22.482621926413177,130.5,0,50.29593203470682,70.93239631219096,22.482621926413177,22.482621926413177,38.17306574237211,38.17306574237211,38.17306574237211,-0.1558151863338269,-0.1558151863338269,-0.1558151863338269,38.328880928705935,38.328880928705935,38.328880928705935,0.0,0.0,0.0,60.65568766878529
2025-09-16,22.681214788598,130.5,0,48.58245535811017,69.15958854799467,22.681214788598,22.681214788598,36.45746350369515,36.45746350369515,36.45746350369515,-1.7569417487233405,-1.7569417487233405,-1.7569417487233405,38.214405252418494,38.214405252418494,38.214405252418494,0.0,0.0,0.0,59.13867829229315
2025-09-17,22.881190264562857,130.5,0,50.02179169865373,69.62751077071586,22.881190264562857,22.881190264562857,37.03439810348434,37.03439810348434,37.03439810348434,-1.0503886992019618,-1.0503886992019618,-1.0503886992019618,38.08478680268631,38.08478680268631,38.08478680268631,0.0,0.0,0.0,59.915588368047196
2025-09-18,23.082551417149624,130.5,0,52.38892124569283,72.06389595848508,23.082551417149624,23.082551417149624,38.959671702371395,38.959671702371395,38.959671702371395,1.020984028198144,1.020984028198144,1.020984028198144,37.93868767417325,37.93868767417325,37.93868767417325,0.0,0.0,0.0,62.04222311952102
2025-09-19,23.285301193997682,130.5,0,52.27886931014981,72.7347878982019,23.285301193997682,23.285301193997682,38.22947428875668,38.22947428875668,38.22947428875668,0.45481912708484573,0.45481912708484573,0.45481912708484573,37.77465516167183,37.77465516167183,37.77465516167183,0.0,0.0,0.0,61.51477548275436
2025-09-20,23.48944242541535,130.5,0,53.17420953938419,73.08613768341509,23.48944242541535,23.48944242541535,39.26804234259994,39.26804234259994,39.26804234259994,1.6768131064264342,1.6768131064264342,1.6768131064264342,37.59122923617351,37.59122923617351,37.59122923617351,0.0,0.0,0.0,62.75748476801529
2025-09-21,23.69497782224933,130.5,0,50.47734957279104,71.32859019329555,23.69497782224933,23.69497782224933,37.19757954995783,37.19757954995783,37.19757954995783,-0.18947062744093088,-0.18947062744093088,-0.18947062744093088,37.38705017739876,37.38705017739876,37.38705017739876,0.0,0.0,0.0,60.892557372207165
2025-09-22,23.90190997375323,130.5,0,51.24265720606961,71.36587296473719,23.90190997375323,23.90190997375323,37.00514740447489,37.00514740447489,37.00514740447489,-0.15581518633159322,-0.15581518633159322,-0.15581518633159322,37.160962590806484,37.160962590806484,37.160962590806484,0.0,0.0,0.0,60.90705737822812
2025-09-23,24.110241345455755,130.5,0,48.483497739239,69.79518523194423,24.110241345455755,24.110241345455755,35.155170448494026,35.155170448494026,35.155170448494026,-1.756941748727572,-1.756941748727572,-1.756941748727572,36.912112197221596,36.912112197221596,36.912112197221596,0.0,0.0,0.0,59.26541179394978
2025-09-24,24.319974277029523,130.5,0,49.2926923748922,69.94948336955423,24.319974277029523,24.319974277029523,35.58964335462839,35.58964335462839,35.58964335462839,-1.050388699207416,-1.050388699207416,-1.050388699207416,36.64003205383581,36.64003205383581,36.64003205383581,0.0,0.0,0.0,59.909617631657916
2025-09-25,24.531110979293814,130.5,0,51.80585154367411,71.73761148613787,24.531110979293814,24.531110979293814,37.365699264580044,37.365699264580044,37.365699264580044,1.0209840281999736,1.0209840281999736,1.0209840281999736,36.34471523638007,36.34471523638007,36.34471523638007,0.0,0.0,0.0,61.89681024387386
2025-09-26,24.743653534678476,130.5,0,50.080397897600186,71.0684901087532,24.743653534678476,24.743653534678476,36.48149059865879,36.48149059865879,36.48149059865879,0.4548191270818676,0.4548191270818676,0.4548191270818676,36.02667147157692,36.02667147157692,36.02667147157692,0.0,0.0,0.0,61.22514413333727
2025-09-27,24.957603892519973,130.5,0,51.800877811707544,72.21802838735175,24.957603892519973,24.957603892519973,37.363778847783216,37.363778847783216,37.363778847783216,1.676813106426252,1.676813106426252,1.676813106426252,35.686965741356964,35.686965741356964,35.686965741356964,0.0,0.0,0.0,62.32138274030319
2025-09-28,25.172963867797442,130.5,0,50.2186922284006,70.45918884783363,25.172963867797442,25.172963867797442,35.13776684132975,35.13776684132975,35.13776684132975,-0.1894706274432214,-0.1894706274432214,-0.1894706274432214,35.32723746877297,35.32723746877297,35.32723746877297,0.0,0.0,0.0,60.31073070912719
2025-09-29,25.38973513901776,130.5,0,50.0727212432253,70.07110173422782,25.38973513901776,25.38973513901776,34.79388433527735,34.79388433527735,34.79388433527735,-0.15581518633769179,-0.15581518633769179,-0.15581518633769179,34.94969952161504,34.94969952161504,34.94969952161504,0.0,0.0,0.0,60.18361947429511
2025-09-30,25.607919246106533,130.5,0,48.12828262475011,69.35315547261182,25.607919246106533,25.607919246106533,32.800175165296395,32.800175165296395,32.800175165296395,-1.7569417487318038,-1.7569417487318038,-1.7569417487318038,34.55711691402821,34.55711691402821,34.55711691402821,0.0,0.0,0.0,58.40809441140293
2025-10-01,25.827517588306108,130.5,0,49.30281218299388,69.49270927952304,25.827517588306108,25.827517588306108,33.1023770299386,33.1023770299386,33.1023770299386,-1.0503886992080438,-1.0503886992080438,-1.0503886992080438,34.152765729146644,34.152765729146644,34.152765729146644,0.0,0.0,0.0,58.92989461824471
2025-10-02,26.048531422081417,130.5,0,49.85335427151637,70.33482942528107,26.048531422081417,26.048531422081417,34.761357435725735,34.761357435725735,34.761357435725735,1.0209840282018032,1.0209840282018032,1.0209840282018032,33.74037340752394,33.74037340752394,33.74037340752394,0.0,0.0,0.0,60.80988885780715
2025-10-03,26.270961859034774,130.5,0,49.6192894887031,70.30433861959376,26.270961859034774,26.270961859034774,33.77886125543061,33.77886125543061,33.77886125543061,0.4548191270837644,0.4548191270837644,0.4548191270837644,33.324042128346846,33.324042128346846,33.324042128346846,0.0,0.0,0.0,60.04982311446538
2025-10-04,26.494809863830607,130.5,0,51.19037975117345,70.88624181518432,26.494809863830607,26.494809863830607,34.58497064219065,34.58497064219065,34.58497064219065,1.676813106425969,1.676813106425969,1.676813106425969,32.90815753576468,32.90815753576468,32.90815753576468,0.0,0.0,0.0,61.07978050602125
2025-10-05,26.72007625213106,130.5,0,49.11642871245998,68.45151068341936,26.72007625213106,26.72007625213106,32.30781488847726,32.30781488847726,32.30781488847726,-0.18947062744099932,-0.18947062744099932,-0.18947062744099932,32.49728551591826,32.49728551591826,32.49728551591826,0.0,0.0,0.0,59.02789114060832
2025-10-06,26.946761688218277,130.5,0,49.051076975813,69.45032776835855,26.946761688218277,26.946761688218277,31.940244911986913,31.940244911986913,31.940244911986913,-0.15581518633420482,-0.15581518633420482,-0.15581518633420482,32.09606009832112,32.09606009832112,32.09606009832112,0.0,0.0,0.0,58.88700660020519
2025-10-07,27.17486668392695,130.5,0,47.374099158629036,67.02378430522458,27.17486668392695,27.17486668392695,29.952124079142468,29.952124079142468,29.952124079142468,-1.7569417487255339,-1.7569417487255339,-1.7569417487255339,31.709065827868002,31.709065827868002,31.709065827868002,0.0,0.0,0.0,57.126990763069415
2025-10-08,27.404391595651084,130.5,0,46.71015282059317,68.28251660114984,27.404391595651084,27.404391595651084,30.290329424290462,30.290329424290462,30.290329424290462,-1.0503886992082025,-1.0503886992082025,-1.0503886992082025,31.34071812349866,31.34071812349866,31.34071812349866,0.0,0.0,0.0,57.69472101994155
2025-10-09,27.63533662265508,130.5,0,49.1665210546031,70.30361190914978,27.63533662265508,27.63533662265508,32.01612923046507,32.01612923046507,32.01612923046507,1.0209840281989369,1.0209840281989369,1.0209840281989369,30.995145202266126,30.995145202266126,30.995145202266126,0.0,0.0,0.0,59.65146585312014
2025-10-10,27.867701805079854,130.5,0,49.10293768153404,69.2640216283949,27.867701805079854,27.867701805079854,31.130894229305994,31.130894229305994,31.130894229305994,0.45481912708322364,0.45481912708322364,0.45481912708322364,30.67607510222277,30.67607510222277,30.67607510222277,0.0,0.0,0.0,58.99859603438585
2025-10-11,28.101487021966143,130.5,0,49.31791767218408,70.72268323403847,28.101487021966143,28.101487021966143,32.063544292948535,32.063544292948535,32.063544292948535,1.6768131064256862,1.6768131064256862,1.6768131064256862,30.386731186522848,30.386731186522848,30.386731186522848,0.0,0.0,0.0,60.16503131491468
2025-10-12,28.336691989296355,130.5,0,48.711287037312,68.56058716354073,28.336691989296355,28.336691989296355,29.9402686322018,29.9402686322018,29.9402686322018,-0.1894706274402725,-0.1894706274402725,-0.1894706274402725,30.129739259642072,30.129739259642072,30.129739259642072,0.0,0.0,0.0,58.276960621498155
2025-10-13,28.573316258056003,130.5,0,48.26803665589336,69.08192218437348,28.573316258056003,28.573316258056003,29.751233896926443,29.751233896926443,29.751233896926443,-0.15581518633613714,-0.15581518633613714,-0.15581518633613714,29.907049083262585,29.907049083262585,29.907049083262585,0.0,0.0,0.0,58.32455015498245
2025-10-14,28.811359212315732,130.5,0,46.19773243451037,67.60212885670924,28.811359212315732,28.811359212315732,27.96293090611797,27.96293090611797,27.96293090611797,-1.7569417487297656,-1.7569417487297656,-1.7569417487297656,29.719872654847737,29.719872654847737,29.719872654847737,0.0,0.0,0.0,56.7742901184337
2025-10-15,29.050820067335348,130.5,0,47.32006947575657,67.58076791969998,29.050820067335348,29.050820067335348,28.518252420679747,28.518252420679747,28.518252420679747,-1.0503886992030658,-1.0503886992030658,-1.0503886992030658,29.568641119882816,29.568641119882816,29.568641119882816,0.0,0.0,0.0,57.569072488015095
2025-10-16,29.291697867690683,130.5,0,48.74763474546992,70.3329306289143,29.291697867690683,29.291697867690683,30.473965672265685,30.473965672265685,30.473965672265685,1.0209840282007663,1.0209840282007663,1.0209840282007663,29.452981644064916,29.452981644064916,29.452981644064916,0.0,0.0,0.0,59.765663539956364
2025-10-17,29.533991485424806,130.5,0,49.524050374669,69.09068771895065,29.533991485424806,29.533991485424806,29.82653411831001,29.82653411831001,29.82653411831001,0.45481912708260513,0.45481912708260513,0.45481912708260513,29.371714991227403,29.371714991227403,29.371714991227403,0.0,0.0,0.0,59.360525603734814
2025-10-18,29.77769961903772,130.5,0,50.07957162992183,71.10954332138922,29.77769961903772,29.77769961903772,30.999687060333414,30.999687060333414,30.999687060333414,1.676813106425604,1.676813106425604,1.676813106425604,29.322873953907813,29.322873953907813,29.322873953907813,0.0,0.0,0.0,60.77738667937113
2025-10-19,30.022820789258766,130.5,0,48.62105221741341,69.55996692251604,30.022820789258766,30.022820789258766,29.11427155664666,29.11427155664666,29.11427155664666,-0.18947062744030674,-0.18947062744030674,-0.18947062744030674,29.303742184086964,29.303742184086964,29.303742184086964,0.0,0.0,0.0,59.13709234590543
2025-10-20,30.269353339698505,130.5,0,49.20024773898379,69.66780344975759,30.269353339698505,30.269353339698505,29.155097203086633,29.155097203086633,29.155097203086633,-0.15581518633390343,-0.15581518633390343,-0.15581518633390343,29.310912389420537,29.310912389420537,29.310912389420537,0.0,0.0,0.0,59.42445054278514
2025-10-21,30.517295434304398,130.5,0,47.920298387895244,68.36549755110953,30.517295434304398,30.517295434304398,27.58342056375145,27.58342056375145,27.58342056375145,-1.7569417487287464,-1.7569417487287464,-1.7569417487287464,29.340362312480195,29.340362312480195,29.340362312480195,0.0,0.0,0.0,58.10071599805585
2025-10-22,30.766645055650436,130.5,0,48.76731845363823,69.68617532625983,30.766645055650436,30.766645055650436,28.33715771341249,28.33715771341249,28.33715771341249,-1.0503886991979292,-1.0503886991979292,-1.0503886991979292,29.387546412610423,29.387546412610423,29.387546412610423,0.0,0.0,0.0,59.10380276906292
2025-10-23,31.017400003258196,130.5,0,51.50479233378328,71.05744137495702,31.017400003258196,31.017400003258196,30.46848476473649,30.46848476473649,30.46848476473649,1.0209840281983045,1.0209840281983045,1.0209840281983045,29.447500736538185,29.447500736538185,29.447500736538185,0.0,0.0,0.0,61.48588476799469
2025-10-24,31.269557891950313,130.5,0,51.01353496359614,70.91968927961976,31.269557891950313,31.269557891950313,29.969777233766546,29.969777233766546,29.969777233766546,0.45481912708206435,0.45481912708206435,0.45481912708206435,29.51495810668448,29.51495810668448,29.51495810668448,0.0,0.0,0.0,61.23933512571686
2025-10-25,31.52311615023771,130.5,0,52.432347820766374,73.08211422891091,31.52311615023771,31.52311615023771,31.26128359156621,31.26128359156621,31.26128359156621,1.6768131064253209,1.6768131064253209,1.6768131064253209,29.584470485140887,29.584470485140887,29.584470485140887,0.0,0.0,0.0,62.784399741803924
2025-10-26,31.778072018741778,130.5,0,50.962931931919215,71.10651443500649,31.778072018741778,31.778072018741778,29.461064565966186,29.461064565966186,29.461064565966186,-0.18947062744034102,-0.18947062744034102,-0.18947062744034102,29.65053519340653,29.65053519340653,29.65053519340653,0.0,0.0,0.0,61.239136584707964
2025-10-27,32.034422548652735,130.5,0,51.02567599809248,71.81501821968088,32.034422548652735,32.034422548652735,29.551906401268873,29.551906401268873,29.551906401268873,-0.15581518633583583,-0.15581518633583583,-0.15581518633583583,29.70772158760471,29.70772158760471,29.70772158760471,0.0,0.0,0.0,61.58632894992161
2025-10-28,32.2921646002253,130.5,0,49.813003798083635,70.61176258084848,32.2921646002253,32.2921646002253,27.993853058466666,27.993853058466666,27.993853058466666,-1.7569417487267571,-1.7569417487267571,-1.7569417487267571,29.75079480719343,29.75079480719343,29.75079480719343,0.0,0.0,0.0,60.28601765869196
2025-10-29,32.55129483923595,130.5,0,51.75206604703116,71.76382732756008,32.55129483923595,32.55129483923595,28.724444631327984,28.724444631327984,28.724444631327984,-1.0503886992033835,-1.0503886992033835,-1.0503886992033835,29.774833330531365,29.774833330531365,29.774833330531365,0.0,0.0,0.0,61.275739470563934
2025-10-30,32.81180974176622,130.5,0,52.77058950281641,73.95293914524363,32.81180974176622,32.81180974176622,30.796321306731166,30.796321306731166,30.796321306731166,1.0209840282044256,1.0209840282044256,1.0209840282044256,29.775337278526738,29.775337278526738,29.775337278526738,0.0,0.0,0.0,63.608131048497384
2025-10-31,33.073705586630794,130.5,0,53.020154284555524,73.70331096502616,33.073705586630794,33.073705586630794,30.20314382798919,30.20314382798919,30.20314382798919,0.45481912708396105,0.45481912708396105,0.45481912708396105,29.748324700905226,29.748324700905226,29.748324700905226,0.0,0.0,0.0,63.27684941461999
2025-11-01,33.336978456089916,130.5,0,54.429456789735546,75.2807531099446,33.336978456089916,33.336978456089916,31.36722655487322,31.36722655487322,31.36722655487322,1.6768131064251384,1.6768131064251384,1.6768131064251384,29.690413448448083,29.690413448448083,29.690413448448083,0.0,0.0,0.0,64.70420501096314
2025-11-02,33.60162423455017,130.5,0,52.72300053790379,73.59981462012605,33.60162423455017,33.60162423455017,29.40941603999903,29.40941603999903,29.40941603999903,-0.1894706274373579,-0.1894706274373579,-0.1894706274373579,29.59888666743639,29.59888666743639,29.59888666743639,0.0,0.0,0.0,63.0110402745492
2025-11-03,33.86763860730995,130.5,0,53.58497749128635,72.9647631015988,33.86763860730995,33.86763860730995,29.315925249337877,29.315925249337877,29.315925249337877,-0.15581518633360197,-0.15581518633360197,-0.15581518633360197,29.47174043567148,29.47174043567148,29.47174043567148,0.0,0.0,0.0,63.18356385664782
2025-11-04,34.135017059350844,130.5,0,50.82106132259989,71.55726847320996,34.135017059350844,34.135017059350844,27.55077082947246,27.55077082947246,27.55077082947246,-1.756941748725738,-1.756941748725738,-1.756941748725738,29.307712578198196,29.307712578198196,29.307712578198196,0.0,0.0,0.0,61.6857878888233
2025-11-05,34.40375487417604,130.5,0,52.11576139451581,72.50279731245156,34.40375487417604,34.40375487417604,28.055903540103508,28.055903540103508,28.055903540103508,-1.050388699198247,-1.050388699198247,-1.050388699198247,29.10629223930176,29.10629223930176,29.10629223930176,0.0,0.0,0.0,62.459658414279545
2025-11-06,34.673847132696864,130.5,0,54.19162545228269,74.9832242567159,34.673847132696864,34.673847132696864,29.888694357793234,29.888694357793234,29.888694357793234,1.0209840282019635,1.0209840282019635,1.0209840282019635,28.867710329591272,28.867710329591272,28.867710329591272,0.0,0.0,0.0,64.5625414904901
2025-11-07,34.945288712168924,130.5,0,53.15989951375413,74.97254430741528,34.945288712168924,34.945288712168924,29.047730624006572,29.047730624006572,29.047730624006572,0.4548191270834204,0.4548191270834204,0.4548191270834204,28.59291149692315,28.59291149692315,28.59291149692315,0.0,0.0,0.0,63.99301933617549
2025-11-08,35.218074285178616,130.5,0,54.988046855489785,75.73285206713939,35.218074285178616,35.218074285178616,29.960321878542135,29.960321878542135,29.960321878542135,1.6768131064260867,1.6768131064260867,1.6768131064260867,28.283508772116047,28.283508772116047,28.283508772116047,0.0,0.0,0.0,65.17839616372075
2025-11-09,35.492198318681474,130.5,0,53.7289635164501,74.49080783617093,35.492198318681474,35.492198318681474,27.75225187324495,27.75225187324495,27.75225187324495,-0.1894706274373921,-0.1894706274373921,-0.1894706274373921,27.941722500682342,27.941722500682342,27.941722500682342,0.0,0.0,0.0,63.244450191926425
2025-11-10,35.767655072274394,130.5,0,52.707850912834694,73.05435625129569,35.767655072274394,35.767655072274394,27.41449039065265,27.41449039065265,27.41449039065265,-0.15581518633970068,-0.15581518633970068,-0.15581518633970068,27.57030557699235,27.57030557699235,27.57030557699235,0.0,0.0,0.0,63.18214546292704
2025-11-11,36.04443859978986,130.5,0,51.17182979967005,71.22620677919453,36.04443859978986,36.04443859978986,25.415515588066988,25.415515588066988,25.415515588066988,-1.7569417487299699,-1.7569417487299699,-1.7569417487299699,27.17245733679696,27.17245733679696,27.17245733679696,0.0,0.0,0.0,61.45995418785685
2025-11-12,36.322542746055184,130.5,0,51.10309776536657,72.06966546715958,36.322542746055184,36.322542746055184,25.70134002896861,25.70134002896861,25.70134002896861,-1.0503886992094658,-1.0503886992094658,-1.0503886992094658,26.751728728178072,26.751728728178072,26.751728728178072,0.0,0.0,0.0,62.02388277502379
2025-11-13,36.60196114696001,130.5,0,53.77254659405768,73.59206586330802,36.60196114696001,36.60196114696001,27.33290559253768,27.33290559253768,27.33290559253768,1.0209840281990974,1.0209840281990974,1.0209840281990974,26.311921564338583,26.311921564338583,26.311921564338583,0.0,0.0,0.0,63.93486673949769
2025-11-14,36.88268722877021,130.5,0,52.7523875950428,74.02041408601328,36.88268722877021,36.88268722877021,26.311803886151136,26.311803886151136,26.311803886151136,0.45481912708531697,0.45481912708531697,0.45481912708531697,25.856984759065817,25.856984759065817,25.856984759065817,0.0,0.0,0.0,63.19449111492135
2025-11-15,37.16471420750008,130.5,0,53.511600760354604,74.01744998533195,37.16471420750008,37.16471420750008,27.06772356323806,27.06772356323806,27.06772356323806,1.6768131064259042,1.6768131064259042,1.6768131064259042,25.390910456812154,25.390910456812154,25.390910456812154,0.0,0.0,0.0,64.23243777073814
2025-11-16,37.44803508834401,130.5,0,52.442422465855884,72.57633203923669,37.44803508834401,37.44803508834401,24.728162267378433,24.728162267378433,24.728162267378433,-0.18947062743742635,-0.18947062743742635,-0.18947062743742635,24.91763289481586,24.91763289481586,24.91763289481586,0.0,0.0,0.0,62.17619735572244
2025-11-17,37.73264266516849,130.5,0,51.55149508903034,71.73101494431617,37.73264266516849,37.73264266516849,24.285117492523742,24.285117492523742,24.285117492523742,-0.15581518633746674,-0.15581518633746674,-0.15581518633746674,24.440932678861206,24.440932678861206,24.440932678861206,0.0,0.0,0.0,62.01776015769224
2025-11-18,38.0185295200658,130.5,0,49.30737657099144,70.14133651203812,38.0185295200658,38.0185295200658,22.20740717434568,22.20740717434568,22.20740717434568,-1.7569417487289505,-1.7569417487289505,-1.7569417487289505,23.964348923074628,23.964348923074628,23.964348923074628,0.0,0.0,0.0,60.22593669441147
2025-11-19,38.30568802296989,130.5,0,50.38593239284044,70.980742962081,38.30568802296989,38.30568802296989,22.44071270716255,22.44071270716255,22.44071270716255,-1.0503886992043285,-1.0503886992043285,-1.0503886992043285,23.49110140636688,23.49110140636688,23.49110140636688,0.0,0.0,0.0,60.746400730132436
2025-11-20,38.59411033133591,130.5,0,52.053109918999645,72.1999379429853,38.59411033133591,38.59411033133591,24.04500857210855,24.04500857210855,24.04500857210855,1.020984028200927,1.020984028200927,1.020984028200927,23.024024543907622,23.024024543907622,23.024024543907622,0.0,0.0,0.0,62.63911890344446
2025-11-21,38.883788389006824,130.5,0,51.64756572368404,72.26037700608626,38.883788389006824,38.883788389006824,23.02033370054448,23.02033370054448,23.02033370054448,0.45481912708233907,0.45481912708233907,0.45481912708233907,22.565514573462142,22.565514573462142,22.565514573462142,0.0,0.0,0.0,61.90412208955131
2025-11-22,39.17471392864637,130.5,0,52.89859181562499,73.12213088981837,39.17471392864637,39.17471392864637,23.79430403287122,23.79430403287122,23.79430403287122,1.6768131064257217,1.6768131064257217,1.6768131064257217,22.1174909264455,22.1174909264455,22.1174909264455,0.0,0.0,0.0,62.969017961517594
2025-11-23,39.46687846899798,130.5,0,49.98262981330582,70.9711854567817,39.46687846899798,39.46687846899798,21.49190167873107,21.49190167873107,21.49190167873107,-0.18947062743971688,-0.18947062743971688,-0.18947062743971688,21.68137230617079,21.68137230617079,21.68137230617079,0.0,0.0,0.0,60.95878014772906
2025-11-24,39.76027331569669,130.5,0,50.834954120224296,71.51072930513578,39.76027331569669,39.76027331569669,21.102252358626572,21.102252358626572,21.102252358626572,-0.15581518633397987,-0.15581518633397987,-0.15581518633397987,21.258067544960554,21.258067544960554,21.258067544960554,0.0,0.0,0.0,60.862525674323265
2025-11-25,40.05488956127917,130.5,0,49.048710268076775,69.3553547741886,40.05488956127917,40.05488956127917,19.091039122788168,19.091039122788168,19.091039122788168,-1.7569417487331824,-1.7569417487331824,-1.7569417487331824,20.847980871521347,20.847980871521347,20.847980871521347,0.0,0.0,0.0,59.145928684067336
2025-11-26,40.35071808526257,130.5,0,50.24417548794886,69.05615704421486,40.35071808526257,40.35071808526257,19.400642104714628,19.400642104714628,19.400642104714628,-1.0503886992044875,-1.0503886992044875,-1.0503886992044875,20.451030803919114,20.451030803919114,20.451030803919114,0.0,0.0,0.0,59.7513601899772
2025-11-27,40.6477495542928,130.5,0,50.70666719136967,71.21692302341322,40.6477495542928,40.6477495542928,21.087665531773233,21.087665531773233,21.087665531773233,1.0209840282027565,1.0209840282027565,1.0209840282027565,20.06668150357048,20.06668150357048,20.06668150357048,0.0,0.0,0.0,61.735415086066034
2025-11-28,40.94597442236295,130.5,0,50.982579566669,71.45520733114425,40.94597442236295,40.94597442236295,20.14880422056123,20.14880422056123,20.14880422056123,0.4548191270842355,0.4548191270842355,0.4548191270842355,19.693985093476993,19.693985093476993,19.693985093476993,0.0,0.0,0.0,61.09477864292418
2025-11-29,41.24538293110265,130.5,0,51.84853211962964,72.7747615660743,41.24538293110265,41.24538293110265,21.008446274747833,21.008446274747833,21.008446274747833,1.6768131064266703,1.6768131064266703,1.6768131064266703,19.33163316832116,19.33163316832116,19.33163316832116,0.0,0.0,0.0,62.25382920585048
2025-11-30,41.545965110138965,130.5,0,50.2795352896242,70.54743949290946,41.545965110138965,41.545965110138965,18.7885448853878,18.7885448853878,18.7885448853878,-0.18947062744200754,-0.18947062744200754,-0.18947062744200754,18.978015512829803,18.978015512829803,18.978015512829803,0.0,0.0,0.0,60.334509995526766
2025-12-01,41.84771077752961,130.5,0,49.50905325689668,70.7785502449091,41.84771077752961,41.84771077752961,18.475468716588612,18.475468716588612,18.475468716588612,-0.15581518633591235,-0.15581518633591235,-0.15581518633591235,18.631283902924526,18.631283902924526,18.631283902924526,0.0,0.0,0.0,60.32317949411822
2025-12-02,42.150609540268846,130.5,0,48.66220910261817,69.22172330889724,42.150609540268846,42.150609540268846,16.532477045833684,16.532477045833684,16.532477045833684,-1.7569417487269121,-1.7569417487269121,-1.7569417487269121,18.289418794560596,18.289418794560596,18.289418794560596,0.0,0.0,0.0,58.68308658610253
2025-12-03,42.45465079400276,130.5,0,48.448846131430216,68.49091682768076,42.45465079400276,42.45465079400276,16.899908009400814,16.899908009400814,16.899908009400814,-1.0503886992046467,-1.0503886992046467,-1.0503886992046467,17.950296708605464,17.950296708605464,17.950296708605464,0.0,0.0,0.0,59.35455880340358
2025-12-04,42.759823726268586,130.5,0,50.73552353727721,72.05952138177189,42.759823726268586,42.759823726268586,18.632740222550606,18.632740222550606,18.632740222550606,1.0209840282002944,1.0209840282002944,1.0209840282002944,17.611756194350313,17.611756194350313,17.611756194350313,0.0,0.0,0.0,61.39256394881919
2025-12-05,43.066117314642916,130.5,0,50.1758493142068,71.17914485350401,43.066117314642916,43.066117314642916,17.726479522748413,17.726479522748413,17.726479522748413,0.4548191270836171,0.4548191270836171,0.4548191270836171,17.271660395664796,17.271660395664796,17.271660395664796,0.0,0.0,0.0,60.79259683739133
2025-12-06,43.37352032840188,130.5,0,51.98205499545044,72.51607891524594,43.37352032840188,43.37352032840188,18.604767552251275,18.604767552251275,18.604767552251275,1.6768131064263874,1.6768131064263874,1.6768131064263874,16.927954445824888,16.927954445824888,16.927954445824888,0.0,0.0,0.0,61.978287880653156
2025-12-07,43.682021329399156,130.5,0,49.79936674873691,69.92202789119857,43.682021329399156,43.682021329399156,16.389245544422405,16.389245544422405,16.389245544422405,-0.18947062744204174,-0.18947062744204174,-0.18947062744204174,16.578716171864446,16.578716171864446,16.578716171864446,0.0,0.0,0.0,60.07126687382156
2025-12-08,43.99160867301942,130.5,0,49.66775618259325,70.01960085680506,43.99160867301942,43.99160867301942,16.06638370071185,16.06638370071185,16.06638370071185,-0.15581518633784458,-0.15581518633784458,-0.15581518633784458,16.222198887049693,16.222198887049693,16.222198887049693,0.0,0.0,0.0,60.05799237373127
2025-12-09,44.30227050920802,130.5,0,48.129984916271894,68.51761936300963,44.30227050920802,44.30227050920802,14.099923631197875,14.099923631197875,14.099923631197875,-1.756941748724923,-1.756941748724923,-1.756941748724923,15.856865379922798,15.856865379922798,15.856865379922798,0.0,0.0,0.0,58.402194140405896
2025-12-10,44.61399478357674,130.5,0,48.85671179593098,68.63627980772166,44.61399478357674,44.61399478357674,14.431023859205013,14.431023859205013,14.431023859205013,-1.0503886992105693,-1.0503886992105693,-1.0503886992105693,15.481412558415583,15.481412558415583,15.481412558415583,0.0,0.0,0.0,59.045018642781756
2025-12-11,44.92676923858619,130.5,0,50.760983730832045,71.21862413503403,44.92676923858619,44.92676923858619,16.11577059370281,16.11577059370281,16.11577059370281,1.0209840281978324,1.0209840281978324,1.0209840281978324,15.094786565504977,15.094786565504977,15.094786565504977,0.0,0.0,0.0,61.042539832288995
2025-12-12,45.24058141480496,130.5,0,49.8025565245111,70.28055920037264,45.24058141480496,45.24058141480496,15.151007663262025,15.151007663262025,15.151007663262025,0.4548191270830762,0.4548191270830762,0.4548191270830762,14.69618853617895,14.69618853617895,14.69618853617895,0.0,0.0,0.0,60.391589078066986
2025-12-13,45.55541865224549,130.5,0,50.5704204488405,71.54560753988619,45.55541865224549,45.55541865224549,15.961884608771939,15.961884608771939,15.961884608771939,1.6768131064263052,1.6768131064263052,1.6768131064263052,14.285071502345634,14.285071502345634,14.285071502345634,0.0,0.0,0.0,61.51730326101743
2025-12-14,45.87126809053599,130.5,0,49.48172430059624,69.87886685950333,45.87126809053599,45.87126809053599,13.671658633400277,13.671658633400277,13.671658633400277,-0.189470627442076,-0.189470627442076,-0.189470627442076,13.861129260842352,13.861129260842352,13.861129260842352,0.0,0.0,0.0,59.54292672393627
2025-12-15,46.18811667412617,130.5,0,48.57354814843702,69.42883578074964,46.18811667412617,46.18811667412617,13.268463103746683,13.268463103746683,13.268463103746683,-0.15581518633561095,-0.15581518633561095,-0.15581518633561095,13.424278290082295,13.424278290082295,13.424278290082295,0.0,0.0,0.0,59.456579777872854
2025-12-16,46.50595115014647,130.5,0,47.4861570179941,67.78498367398856,46.50595115014647,46.50595115014647,11.217692275105275,11.217692275105275,11.217692275105275,-1.7569417487239039,-1.7569417487239039,-1.7569417487239039,12.974634023829179,12.974634023829179,12.974634023829179,0.0,0.0,0.0,57.72364342525175
2025-12-17,46.82475807128552,130.5,0,48.1035396226764,68.75979212320986,46.82475807128552,46.82475807128552,11.46209425997653,11.46209425997653,11.46209425997653,-1.050388699205433,-1.050388699205433,-1.050388699205433,12.512482959181963,12.512482959181963,12.512482959181963,0.0,0.0,0.0,58.286852331262054
2025-12-18,47.14452379751121,130.5,0,49.84024840294949,71.27440897406103,47.14452379751121,47.14452379751121,13.059236212869983,13.059236212869983,13.059236212869983,1.0209840281996623,1.0209840281996623,1.0209840281996623,12.038252184670322,12.038252184670322,12.038252184670322,0.0,0.0,0.0,60.203760010381195
2025-12-19,47.46523449786853,130.5,0,49.190627824419686,69.69719608225073,47.46523449786853,47.46523449786853,12.007297087367371,12.007297087367371,12.007297087367371,0.45481912708253575,0.45481912708253575,0.45481912708253575,11.552477960284834,11.552477960284834,11.552477960284834,0.0,0.0,0.0,59.4725315852359
2025-12-20,47.78687615235427,130.5,0,50.59596110222436,70.83532989109999,47.78687615235427,47.78687615235427,12.732588069808143,12.732588069808143,12.732588069808143,1.6768131064260223,1.6768131064260223,1.6768131064260223,11.05577496338212,11.05577496338212,11.05577496338212,0.0,0.0,0.0,60.51946422216241
2025-12-21,48.10943455386784,130.5,0,46.81606564222285,68.35459068103997,48.10943455386784,48.10943455386784,10.359337106434538,10.359337106434538,10.359337106434538,-0.18947062743909282,-0.18947062743909282,-0.18947062743909282,10.54880773387363,10.54880773387363,10.54880773387363,0.0,0.0,0.0,58.46877166030238
2025-12-22,48.43289531023852,130.5,0,48.437458264311246,68.49005451403407,48.43289531023852,48.43289531023852,9.876450526031793,9.876450526031793,9.876450526031793,-0.1558151863333771,-0.1558151863333771,-0.1558151863333771,10.03226571236517,10.03226571236517,10.03226571236517,0.0,0.0,0.0,58.30934583627031
2025-12-23,48.75724384632829,130.5,0,46.907635420879146,66.62256941397867,48.75724384632829,48.75724384632829,7.749901322712162,7.749901322712162,7.749901322712162,-1.7569417487281356,-1.7569417487281356,-1.7569417487281356,9.506843071440297,9.506843071440297,9.506843071440297,0.0,0.0,0.0,56.50714516904045
2025-12-24,49.08246540621033,130.5,0,46.46102938193344,66.99899367856086,49.08246540621033,49.08246540621033,7.922835601131147,7.922835601131147,7.922835601131147,-1.050388699210887,-1.050388699210887,-1.050388699210887,8.973224300342036,8.973224300342036,8.973224300342036,0.0,0.0,0.0,57.00530100734148
2025-12-25,49.40854505542225,130.5,0,48.387954266674036,69.20318295013317,49.40854505542225,49.40854505542225,9.453060254107587,9.453060254107587,9.453060254107587,1.0209840282014917,1.0209840282014917,1.0209840282014917,8.432076225906096,8.432076225906096,8.432076225906096,0.0,0.0,0.0,58.861605309529835
2025-12-26,49.73546768263335,130.5,0,48.01960868728532,67.68996141047748,49.73546768263335,49.73546768263335,8.338865974898102,8.338865974898102,8.338865974898102,0.45481912708191713,0.45481912708191713,0.45481912708191713,7.884046847816183,7.884046847816183,7.884046847816183,0.0,0.0,0.0,58.074333657531454
2025-12-27,50.063218004025394,130.5,0,49.114634355641755,69.01243894828518,50.063218004025394,50.063218004025394,9.006584151892365,9.006584151892365,9.006584151892365,1.6768131064258398,1.6768131064258398,1.6768131064258398,7.329771045466527,7.329771045466527,7.329771045466527,0.0,0.0,0.0,59.069802155917756
2025-12-28,50.391780563792416,130.5,0,45.62246221031367,67.11113508132559,50.391780563792416,50.391780563792416,6.580412261184734,6.580412261184734,6.580412261184734,-0.18947062744138335,-0.18947062744138335,-0.18947062744138335,6.769882888626118,6.769882888626118,6.769882888626118,0.0,0.0,0.0,56.97219282497715
2025-12-29,50.72113973734618,130.5,0,47.04696806953148,67.26780511431747,50.72113973734618,50.72113973734618,6.049218780244216,6.049218780244216,6.049218780244216,-0.1558151863353094,-0.1558151863353094,-0.1558151863353094,6.205033966579524,6.205033966579524,6.205033966579524,0.0,0.0,0.0,56.770358517590395
2025-12-30,51.051279733936255,130.5,0,44.488345606540946,64.71285399769886,51.051279733936255,51.051279733936255,3.878975103818523,3.878975103818523,3.878975103818523,-1.7569417487271166,-1.7569417487271166,-1.7569417487271166,5.635916852545639,5.635916852545639,5.635916852545639,0.0,0.0,0.0,54.93025483775478
2025-12-31,51.38218459934173,130.5,0,45.0319140990601,65.3856692746024,51.38218459934173,51.38218459934173,4.0129038535062485,4.0129038535062485,4.0129038535062485,-1.0503886992057505,-1.0503886992057505,-1.0503886992057505,5.063292552711999,5.063292552711999,5.063292552711999,0.0,0.0,0.0,55.39508845284797
2026-01-01,51.71383821863321,130.5,0,46.86403783911159,67.23610862060202,51.71383821863321,51.71383821863321,5.50900459094921,5.50900459094921,5.50900459094921,1.0209840281986253,1.0209840281986253,1.0209840281986253,4.488020562750584,4.488020562750584,4.488020562750584,0.0,0.0,0.0,57.22284280958242
2026-01-02,52.046224319004764,130.5,0,45.613986122005684,66.2121868842228,52.046224319004764,52.046224319004764,4.365909104784217,4.365909104784217,4.365909104784217,0.4548191270813765,0.4548191270813765,0.4548191270813765,3.9110899777028405,3.9110899777028405,3.9110899777028405,0.0,0.0,0.0,56.41213342378898
2026-01-03,52.37932647267456,130.5,0,46.60100111412154,67.42713380810702,52.37932647267456,52.37932647267456,5.010463087577927,5.010463087577927,5.010463087577927,1.676813106425557,1.676813106425557,1.676813106425557,3.33364998115237,3.33364998115237,3.33364998115237,0.0,0.0,0.0,57.38978956025249
2026-01-04,52.71312809985359,130.5,0,45.497937208201286,66.10843532800425,52.71312809985359,52.71312809985359,2.5675673542626396,2.5675673542626396,2.5675673542626396,-0.18947062743916135,-0.18947062743916135,-0.18947062743916135,2.757037981701801,2.757037981701801,2.757037981701801,0.0,0.0,0.0,55.280695454116234
2026-01-05,53.047612471781164,130.5,0,45.10966865315486,66.00344018927248,53.047612471781164,53.047612471781164,2.0269884860347984,2.0269884860347984,2.0269884860347984,-0.15581518634015495,-0.15581518634015495,-0.15581518634015495,2.1828036723749533,2.1828036723749533,2.1828036723749533,0.0,0.0,0.0,55.07460095781596
2026-01-06,53.382762712697705,130.5,0,42.98558437449691,63.79960468867057,53.382762712697705,53.382762712697705,-0.1442143861908052,-0.1442143861908052,-0.1442143861908052,-1.7569417487251273,-1.7569417487251273,-1.7569417487251273,1.6127273625343221,1.6127273625343221,1.6127273625343221,0.0,0.0,0.0,53.2385483265069
2026-01-07,53.718561806392884,130.5,0,42.965501912491725,63.715606811372886,53.718561806392884,53.718561806392884,-0.0015576279931780986,-0.0015576279931780986,-0.0015576279931780986,-1.0503886992059093,-1.0503886992059093,-1.0503886992059093,1.0488310712127311,1.0488310712127311,1.0488310712127311,0.0,0.0,0.0,53.717004178399705
2026-01-08,54.05499259605824,130.5,0,44.93976073455732,65.85154473361489,54.05499259605824,54.05499259605824,1.5143650997595426,1.5143650997595426,1.5143650997595426,1.0209840281961635,1.0209840281961635,1.0209840281961635,0.4933810715633791,0.4933810715633791,0.4933810715633791,0.0,0.0,0.0,55.569357695817786
2026-01-09,54.39203778870377,130.5,0,44.78411389432909,65.25846312427485,54.39203778870377,54.39203778870377,0.40369996033294137,0.40369996033294137,0.40369996033294137,0.45481912708327304,0.45481912708327304,0.45481912708327304,-0.05111916675033175,-0.05111916675033175,-0.05111916675033175,0.0,0.0,0.0,54.79573774903671
2026-01-10,54.72967995851172,130.5,0,44.87363795999622,66.16686564911454,54.72967995851172,54.72967995851172,1.0948667213378338,1.0948667213378338,1.0948667213378338,1.6768131064253746,1.6768131064253746,1.6768131064253746,-0.5819463850875405,-0.5819463850875405,-0.5819463850875405,0.0,0.0,0.0,55.824546679849554
2026-01-11,55.06790155025039,130.5,0,42.56982706769838,63.61918543773151,55.06790155025039,55.06790155025039,-1.285656324018508,-1.285656324018508,-1.285656324018508,-0.18947062744145193,-0.18947062744145193,-0.18947062744145193,-1.096185696577056,-1.096185696577056,-1.096185696577056,0.0,0.0,0.0,53.78224522623188
2026-01-12,55.40668488274644,130.5,0,44.050670839865646,63.771425829452454,55.40668488274644,55.40668488274644,-1.7465847172766078,-1.7465847172766078,-1.7465847172766078,-0.1558151863379211,-0.1558151863379211,-0.1558151863379211,-1.5907695309386864,-1.5907695309386864,-1.5907695309386864,0.0,0.0,0.0,53.660100165469835
2026-01-13,55.7460121524147,130.5,0,40.77610622688924,61.56154130642487,55.7460121524147,55.7460121524147,-3.8194687541176635,-3.8194687541176635,-3.8194687541176635,-1.7569417487241081,-1.7569417487241081,-1.7569417487241081,-2.0625270053935556,-2.0625270053935556,-2.0625270053935556,0.0,0.0,0.0,51.926543398297035
2026-01-14,56.085865436843704,130.5,0,43.055648404330626,63.31614420967564,56.085865436843704,56.085865436843704,-3.5586316709381913,-3.5586316709381913,-3.5586316709381913,-1.0503886992007727,-1.0503886992007727,-1.0503886992007727,-2.508242971737419,-2.508242971737419,-2.508242971737419,0.0,0.0,0.0,52.527233765905514
2026-01-15,56.426226698436025,130.5,0,44.14380611890549,64.7428716893108,56.426226698436025,56.426226698436025,-1.9037415791691232,-1.9037415791691232,-1.9037415791691232,1.0209840282022844,1.0209840282022844,1.0209840282022844,-2.924725607371408,-2.924725607371408,-2.924725607371408,0.0,0.0,0.0,54.5224851192669
2026-01-16,56.76707778810101,130.5,0,43.39560772464178,64.06642895778808,56.76707778810101,56.76707778810101,-2.854061931696217,-2.854061931696217,-2.854061931696217,0.45481912708029487,0.45481912708029487,0.45481912708029487,-3.3088810587765116,-3.3088810587765116,-3.3088810587765116,0.0,0.0,0.0,53.9130158564048
2026-01-17,57.10840044899956,130.5,0,44.917370984680076,66.11260440752541,57.10840044899956,57.10840044899956,-1.980980215566408,-1.980980215566408,-1.980980215566408,1.676813106426323,1.676813106426323,1.676813106426323,-3.6577933219927306,-3.6577933219927306,-3.6577933219927306,0.0,0.0,0.0,55.127420233433156
2026-01-18,57.45017632016605,130.5,0,42.5700198423612,63.055310059368715,57.45017632016605,57.45017632016605,-4.1582778953980695,-4.1582778953980695,-4.1582778953980695,-0.18947062744148613,-0.18947062744148613,-0.18947062744148613,-3.968807267956583,-3.968807267956583,-3.968807267956583,0.0,0.0,0.0,53.29189842476798
2026-01-19,57.79238694086734,130.5,0,43.2920713658284,63.1195540985407,57.79238694086734,57.79238694086734,-4.395427687676514,-4.395427687676514,-4.395427687676514,-0.1558151863356873,-0.1558151863356873,-0.1558151863356873,-4.239612501340826,-4.239612501340826,-4.239612501340826,0.0,0.0,0.0,53.39695925319082
2026-01-20,58.13501375397607,130.5,0,41.42724317898448,61.88130688839577,58.13501375397607,58.13501375397607,-6.22526733735843,-6.22526733735843,-6.22526733735843,-1.7569417487283399,-1.7569417487283399,-1.7569417487283399,-4.46832558863009,-4.46832558863009,-4.46832558863009,0.0,0.0,0.0,51.90974641661764
2026-01-21,58.47803811007645,130.5,0,42.042681350201434,61.967536996547416,58.47803811007645,58.47803811007645,-5.703956810491535,-5.703956810491535,-5.703956810491535,-1.0503886992009315,-1.0503886992009315,-1.0503886992009315,-4.653568111290604,-4.653568111290604,-4.653568111290604,0.0,0.0,0.0,52.774081299584914
2026-01-22,58.82144127144163,130.5,0,44.42575159213479,65.0923441749166,58.82144127144163,58.82144127144163,-3.7735539695995866,-3.7735539695995866,-3.7735539695995866,1.0209840281951268,1.0209840281951268,1.0209840281951268,-4.794537997794713,-4.794537997794713,-4.794537997794713,0.0,0.0,0.0,55.04788730184204
2026-01-23,59.165204416052255,130.5,0,44.91984222116471,64.36208959708921,59.165204416052255,59.165204416052255,-4.4362525388950615,-4.4362525388950615,-4.4362525388950615,0.4548191270821918,0.4548191270821918,0.4548191270821918,-4.891071665977254,-4.891071665977254,-4.891071665977254,0.0,0.0,0.0,54.72895187715719
2026-01-24,59.509308641654854,130.5,0,46.00962589516729,66.39235358003965,59.509308641654854,59.509308641654854,-3.2668815582150406,-3.2668815582150406,-3.2668815582150406,1.6768131064261405,1.6768131064261405,1.6768131064261405,-4.943694664641181,-4.943694664641181,-4.943694664641181,0.0,0.0,0.0,56.242427083439814
2026-01-25,59.853734969857854,130.5,0,44.24272490892499,64.51502570589746,59.853734969857854,59.853734969857854,-5.14312936511001,-5.14312936511001,-5.14312936511001,-0.18947062744377674,-0.18947062744377674,-0.18947062744377674,-4.953658737666234,-4.953658737666234,-4.953658737666234,0.0,0.0,0.0,54.71060560474784
2026-01-26,60.198464350263606,130.5,0,46.362034006733,65.00150242374677,60.198464350263606,60.198464350263606,-5.078778726203586,-5.078778726203586,-5.078778726203586,-0.1558151863376197,-0.1558151863376197,-0.1558151863376197,-4.922963539865966,-4.922963539865966,-4.922963539865966,0.0,0.0,0.0,55.11968562406002
2026-01-27,60.5434776646346,130.5,0,43.389020147934325,63.772965635433444,60.5434776646346,60.5434776646346,-6.61130335270463,-6.61130335270463,-6.61130335270463,-1.7569417487220698,-1.7569417487220698,-1.7569417487220698,-4.854361603982561,-4.854361603982561,-4.854361603982561,0.0,0.0,0.0,53.93217431192997
2026-01-28,60.888755731091535,130.5,0,44.84200811887928,65.42961409355443,60.888755731091535,60.888755731091535,-5.801734281898876,-5.801734281898876,-5.801734281898876,-1.0503886992068547,-1.0503886992068547,-1.0503886992068547,-4.7513455826920215,-4.7513455826920215,-4.7513455826920215,0.0,0.0,0.0,55.08702144919266
2026-01-29,61.23427930855954,130.5,0,47.194657938872524,67.44747583312964,61.23427930855954,61.23427930855954,-3.5971332286927495,-3.5971332286927495,-3.5971332286927495,1.0209840282012477,1.0209840282012477,1.0209840282012477,-4.6181172568939965,-4.6181172568939965,-4.6181172568939965,0.0,0.0,0.0,57.637146079866795
2026-01-30,61.58002910037219,130.5,0,47.32625166818913,67.76772416300768,61.58002910037219,61.58002910037219,-4.004719171479229,-4.004719171479229,-4.004719171479229,0.4548191270840883,0.4548191270840883,0.4548191270840883,-4.459538298563317,-4.459538298563317,-4.459538298563317,0.0,0.0,0.0,57.575309928892956
2026-01-31,61.92598575920682,130.5,0,49.71881797066187,70.34251970158854,61.92598575920682,61.92598575920682,-2.6042501825788356,-2.6042501825788356,-2.6042501825788356,1.6768131064258576,1.6768131064258576,1.6768131064258576,-4.281063289004694,-4.281063289004694,-4.281063289004694,0.0,0.0,0.0,59.32173557662798
2026-02-01,62.272129891174465,130.5,0,47.54165239303508,68.1228176514247,62.272129891174465,62.272129891174465,-4.278126633570424,-4.278126633570424,-4.278126633570424,-0.18947062744381107,-0.18947062744381107,-0.18947062744381107,-4.088656006126613,-4.088656006126613,-4.088656006126613,0.0,0.0,0.0,57.99400325760404
2026-02-02,62.61844206014929,130.5,0,47.67066007412682,68.60733757741842,62.61844206014929,62.61844206014929,-4.044505678782542,-4.044505678782542,-4.044505678782542,-0.15581518632996658,-0.15581518632996658,-0.15581518632996658,-3.8886904924525756,-3.8886904924525756,-3.8886904924525756,0.0,0.0,0.0,58.57393638136675
2026-02-03,62.964902792118316,130.5,0,48.38426484561601,68.53960934198615,62.964902792118316,62.964902792118316,-5.444780632114365,-5.444780632114365,-5.444780632114365,-1.7569417487263015,-1.7569417487263015,-1.7569417487263015,-3.687838883388063,-3.687838883388063,-3.687838883388063,0.0,0.0,0.0,57.52012216000395
2026-02-04,63.31149257954906,130.5,0,48.46070013008832,69.7647998791597,63.31149257954906,63.31149257954906,-4.543337097949966,-4.543337097949966,-4.543337097949966,-1.0503886992070135,-1.0503886992070135,-1.0503886992070135,-3.492948398742952,-3.492948398742952,-3.492948398742952,0.0,0.0,0.0,58.768155481599095
2026-02-05,63.658191885773675,130.5,0,50.513271178639314,71.26734562442883,63.658191885773675,63.658191885773675,-2.289926237590609,-2.289926237590609,-2.289926237590609,1.0209840281987856,1.0209840281987856,1.0209840281987856,-3.3109102657893943,-3.3109102657893943,-3.3109102657893943,0.0,0.0,0.0,61.36826564818307
2026-02-06,64.00498114938644,130.5,0,51.045628503817404,71.85091067553007,64.00498114938644,64.00498114938644,-2.6937045106332294,-2.6937045106332294,-2.6937045106332294,0.4548191270835475,0.4548191270835475,0.4548191270835475,-3.148523637716777,-3.148523637716777,-3.148523637716777,0.0,0.0,0.0,61.311276638753206
2026-02-07,64.35184078865373,130.5,0,53.41364806919881,73.58334541938989,64.35184078865373,64.35184078865373,-1.335544680470091,-1.335544680470091,-1.335544680470091,1.6768131064257754,1.6768131064257754,1.6768131064257754,-3.0123577868958664,-3.0123577868958664,-3.0123577868958664,0.0,0.0,0.0,63.01629610818364
2026-02-08,64.69875120593325,130.5,0,50.89355478124337,72.19291114037163,64.69875120593325,64.69875120593325,-3.098086607683102,-3.098086607683102,-3.098086607683102,-0.18947062743857146,-0.18947062743857146,-0.18947062743857146,-2.90861598024453,-2.90861598024453,-2.90861598024453,0.0,0.0,0.0,61.60066459825015
2026-02-09,65.04569279210125,130.5,0,51.79839355617929,72.37706871195688,65.04569279210125,65.04569279210125,-2.9988196651321526,-2.9988196651321526,-2.9988196651321526,-0.15581518633606523,-0.15581518633606523,-0.15581518633606523,-2.8430044787960873,-2.8430044787960873,-2.8430044787960873,0.0,0.0,0.0,62.046873126969096
2026-02-10,65.39264593057536,130.5,0,50.4038624796633,70.91873851997799,65.39264593057536,65.39264593057536,-4.57755179148259,-4.57755179148259,-4.57755179148259,-1.7569417487305334,-1.7569417487305334,-1.7569417487305334,-2.820610042752057,-2.820610042752057,-2.820610042752057,0.0,0.0,0.0,60.815094139092764
2026-02-11,65.73959100297975,130.5,0,51.783350438754134,72.43072981834511,65.73959100297975,65.73959100297975,-3.896177866026472,-3.896177866026472,-3.896177866026472,-1.0503886992018767,-1.0503886992018767,-1.0503886992018767,-2.8457891668245954,-2.8457891668245954,-2.8457891668245954,0.0,0.0,0.0,61.84341313695328
2026-02-12,66.08650839235332,130.5,0,54.10583624929945,75.05610768537701,66.08650839235332,66.08650839235332,-1.9010879934248204,-1.9010879934248204,-1.9010879934248204,1.0209840282006153,1.0209840282006153,1.0209840282006153,-2.9220720216254357,-2.9220720216254357,-2.9220720216254357,0.0,0.0,0.0,64.1854203989285
2026-02-13,66.4333784879956,130.5,0,54.36991438532276,74.23356716121792,66.4333784879956,66.4333784879956,-2.597264613872222,-2.597264613872222,-2.597264613872222,0.45481912708536626,0.45481912708536626,0.45481912708536626,-3.0520837409575883,-3.0520837409575883,-3.0520837409575883,0.0,0.0,0.0,63.83611387412338
2026-02-14,66.7801816899002,130.5,0,55.40771619212124,75.90838558834133,66.7801816899002,66.7801816899002,-1.560672173871967,-1.560672173871967,-1.560672173871967,1.6768131064254923,1.6768131064254923,1.6768131064254923,-3.23748528029746,-3.23748528029746,-3.23748528029746,0.0,0.0,0.0,65.21950951602824
2026-02-15,67.12689841318301,130.5,0,53.85375449586228,74.1149615586306,67.12689841318301,67.12689841318301,-3.66840621690799,-3.66840621690799,-3.66840621690799,-0.1894706274386057,-0.1894706274386057,-0.1894706274386057,-3.4789355894693843,-3.4789355894693843,-3.4789355894693843,0.0,0.0,0.0,63.458492196275024
2026-02-16,67.4735090925032,130.5,0,52.65863834782494,73.6109595757222,67.4735090925032,67.4735090925032,-3.9318914915186105,-3.9318914915186105,-3.9318914915186105,-0.1558151863338315,-0.1558151863338315,-0.1558151863338315,-3.7760763051847794,-3.7760763051847794,-3.7760763051847794,0.0,0.0,0.0,63.541617600984594
2026-02-17,67.81999418647473,130.5,0,51.56553203631516,71.81250964777261,67.81999418647473,67.81999418647473,-5.884481340252458,-5.884481340252458,-5.884481340252458,-1.756941748729514,-1.756941748729514,-1.756941748729514,-4.127539591522945,-4.127539591522945,-4.127539591522945,0.0,0.0,0.0,61.935512846222274
2026-02-18,68.16633418206644,130.5,0,53.60645568008635,73.2086771852975,68.16633418206644,68.16633418206644,-5.581367853596065,-5.581367853596065,-5.581367853596065,-1.0503886992073312,-1.0503886992073312,-1.0503886992073312,-4.530979154388733,-4.530979154388733,-4.530979154388733,0.0,0.0,0.0,62.58496632847037
2026-02-19,68.51250959898857,130.5,0,53.962934190814714,74.90226752451001,68.51250959898857,68.51250959898857,-3.9621398182446765,-3.9621398182446765,-3.9621398182446765,1.020984028202445,1.020984028202445,1.020984028202445,-4.983123846447121,-4.983123846447121,-4.983123846447121,0.0,0.0,0.0,64.55036978074389
2026-02-20,68.85850099406359,130.5,0,54.047501372422495,73.51420938478422,68.85850099406359,68.85850099406359,-5.025033552093518,-5.025033552093518,-5.025033552093518,0.4548191270823883,0.4548191270823883,0.4548191270823883,-5.479852679175906,-5.479852679175906,-5.479852679175906,0.0,0.0,0.0,63.83346744197007
2026-02-21,69.20428896515885,130.5,0,55.196482038183554,75.62795523382404,69.20428896515885,69.20428896515885,-4.339476379245399,-4.339476379245399,-4.339476379245399,1.6768131064252096,1.6768131064252096,1.6768131064252096,-6.016289485670608,-6.016289485670608,-6.016289485670608,0.0,0.0,0.0,64.86481258591346
2026-02-22,69.54985415678135,130.5,0,52.434860815992884,72.99646844282233,69.54985415678135,69.54985415678135,-6.776385575585236,-6.776385575585236,-6.776385575585236,-0.18947062744089632,-0.18947062744089632,-0.18947062744089632,-6.586914948144339,-6.586914948144339,-6.586914948144339,0.0,0.0,0.0,62.77346858119611
2026-02-23,69.89517726312705,130.5,0,52.50668509896545,72.66115609412671,69.89517726312705,69.89517726312705,-7.341508419529174,-7.341508419529174,-7.341508419529174,-0.15581518633576374,-0.15581518633576374,-0.15581518633576374,-7.18569323319341,-7.18569323319341,-7.18569323319341,0.0,0.0,0.0,62.553668843597876
2026-02-24,70.24023903278912,130.5,0,50.65181492159843,70.9773233203867,70.24023903278912,70.24023903278912,-9.563151828234314,-9.563151828234314,-9.563151828234314,-1.7569417487327754,-1.7569417487327754,-1.7569417487327754,-7.806210079501539,-7.806210079501539,-7.806210079501539,0.0,0.0,0.0,60.67708720455481
2026-02-25,70.58502027301952,130.5,0,50.58145253325137,71.73369986366693,70.58502027301952,70.58502027301952,-9.492207568034702,-9.492207568034702,-9.492207568034702,-1.0503886992079585,-1.0503886992079585,-1.0503886992079585,-8.441818868826745,-8.441818868826745,-8.441818868826745,0.0,0.0,0.0,61.09281270498482
2026-02-26,70.92950185396252,130.5,0,53.104413271599086,73.1367126334405,70.92950185396252,70.92950185396252,-8.064806962888245,-8.064806962888245,-8.064806962888245,1.0209840282042744,1.0209840282042744,1.0209840282042744,-9.08579099109252,-9.08579099109252,-9.08579099109252,0.0,0.0,0.0,62.86469489107428
2026-02-27,71.27366471285853,130.5,0,52.24185165843487,72.86559377899655,71.27366471285853,71.27366471285853,-9.276647568114468,-9.276647568114468,-9.276647568114468,0.4548191270842849,0.4548191270842849,0.4548191270842849,-9.731466695198755,-9.731466695198755,-9.731466695198755,0.0,0.0,0.0,61.99701714474406
2026-02-28,71.61748985821602,130.5,0,52.826731348049776,73.2108821947781,71.61748985821602,71.61748985821602,-8.695589496227146,-8.695589496227146,-8.695589496227146,1.676813106425027,1.676813106425027,1.676813106425027,-10.372402602652173,-10.372402602652173,-10.372402602652173,0.0,0.0,0.0,62.921900361988875
2026-03-01,71.96095837394974,130.5,0,50.69651774799321,71.14929358716255,71.96095837394974,71.96095837394974,-11.191982779714252,-11.191982779714252,-11.191982779714252,-0.1894706274379133,-0.1894706274379133,-0.1894706274379133,-11.00251215227634,-11.00251215227634,-11.00251215227634,0.0,0.0,0.0,60.768975594235485
2026-03-02,72.30405142348337,130.5,0,50.91503380181676,70.92196358990354,72.30405142348337,72.30405142348337,-11.772010625310624,-11.772010625310624,-11.772010625310624,-0.15581518633769614,-0.15581518633769614,-0.15581518633769614,-11.61619543897293,-11.61619543897293,-11.61619543897293,0.0,0.0,0.0,60.532040798172744
2026-03-03,72.64675025381463,130.5,0,48.08807792745462,69.72136102552659,72.64675025381463,72.64675025381463,-13.965396951330677,-13.965396951330677,-13.965396951330677,-1.7569417487265055,-1.7569417487265055,-1.7569417487265055,-12.208455202604172,-12.208455202604172,-12.208455202604172,0.0,0.0,0.0,58.681353302483956
2026-03-04,72.98903619954112,130.5,0,49.0789526390699,69.65028512550126,72.98903619954112,72.98903619954112,-13.82538480596094,-13.82538480596094,-13.82538480596094,-1.050388699213413,-1.050388699213413,-1.050388699213413,-12.77499610674753,-12.77499610674753,-12.77499610674753,0.0,0.0,0.0,59.16365139358018
2026-03-05,73.33089068685736,130.5,0,50.88028583520512,72.71877318408424,73.33089068685736,73.33089068685736,-12.291320881957382,-12.291320881957382,-12.291320881957382,1.0209840282018126,1.0209840282018126,1.0209840282018126,-13.312304910159193,-13.312304910159193,-13.312304910159193,0.0,0.0,0.0,61.039569804899976
2026-03-06,73.6722952374597,130.5,0,49.45896010164005,69.84978103327113,73.6722952374597,73.6722952374597,-13.36289053690129,-13.36289053690129,-13.36289053690129,0.4548191270837443,0.4548191270837443,0.4548191270837443,-13.817709663985033,-13.817709663985033,-13.817709663985033,0.0,0.0,0.0,60.30940470055842
2026-03-07,74.01323147248071,130.5,0,51.040174085359375,71.96488795002011,74.01323147248071,74.01323147248071,-12.61260354281318,-12.61260354281318,-12.61260354281318,1.6768131064259753,1.6768131064259753,1.6768131064259753,-14.289416649239156,-14.289416649239156,-14.289416649239156,0.0,0.0,0.0,61.400627929667536
2026-03-08,74.35368111632758,130.5,0,49.94509617562366,69.3336397672568,74.35368111632758,74.35368111632758,-14.915995013210887,-14.915995013210887,-14.915995013210887,-0.18947062744020374,-0.18947062744020374,-0.18947062744020374,-14.726524385770684,-14.726524385770684,-14.726524385770684,0.0,0.0,0.0,59.43768610311669
2026-03-09,74.69362600048545,130.5,0,49.18805480934691,69.11063882345668,74.69362600048545,74.69362600048545,-15.284829864300107,-15.284829864300107,-15.284829864300107,-0.15581518633962863,-0.15581518633962863,-0.15581518633962863,-15.129014677960479,-15.129014677960479,-15.129014677960479,0.0,0.0,0.0,59.408796136185344
2026-03-10,75.03304806727068,130.5,0,48.0155047516574,67.96651232715479,75.03304806727068,75.03304806727068,-17.25466304416495,-17.25466304416495,-17.25466304416495,-1.7569417487307375,-1.7569417487307375,-1.7569417487307375,-15.49772129543421,-15.49772129543421,-15.49772129543421,0.0,0.0,0.0,57.778385023105734
2026-03-11,75.37192937353325,130.5,0,47.968027979249854,68.74013048823038,75.37192937353325,75.37192937353325,-16.88466620020941,-16.88466620020941,-16.88466620020941,-1.0503886992082765,-1.0503886992082765,-1.0503886992082765,-15.83427750100113,-15.83427750100113,-15.83427750100113,0.0,0.0,0.0,58.48726317332384
2026-03-12,75.71025209430631,130.5,0,50.337504733804025,70.87209625917964,75.71025209430631,75.71025209430631,-15.12006018661841,-15.12006018661841,-15.12006018661841,1.0209840281989462,1.0209840281989462,1.0209840281989462,-16.14104421481736,-16.14104421481736,-16.14104421481736,0.0,0.0,0.0,60.5901919076879
2026-03-13,76.04799852640176,130.5,0,49.14776216687657,69.88427904108201,76.04799852640176,76.04799852640176,-15.96620199994923,-15.96620199994923,-15.96620199994923,0.45481912708320354,0.45481912708320354,0.45481912708320354,-16.421021127032432,-16.421021127032432,-16.421021127032432,0.0,0.0,0.0,60.08179652645252
2026-03-14,76.38515109194984,130.5,0,51.373748961039006,72.07613885126604,76.38515109194984,76.38515109194984,-15.000930418871866,-15.000930418871866,-15.000930418871866,1.6768131064258935,1.6768131064258935,1.6768131064258935,-16.67774352529776,-16.67774352529776,-16.67774352529776,0.0,0.0,0.0,61.38422067307797
2026-03-15,76.72169234188193,130.5,0,49.40714830395647,69.92751728297014,76.72169234188193,76.72169234188193,-17.104638603091495,-17.104638603091495,-17.104638603091495,-0.18947062743798165,-0.18947062743798165,-0.18947062743798165,-16.91516797565351,-16.91516797565351,-16.91516797565351,0.0,0.0,0.0,59.61705373879044
2026-03-16,77.05760495930227,130.5,0,49.925597996512536,70.15783445070278,77.05760495930227,77.05760495930227,-17.29336546071153,-17.29336546071153,-17.29336546071153,-0.15581518633739477,-0.15581518633739477,-0.15581518633739477,-17.137550274374135,-17.137550274374135,-17.137550274374135,0.0,0.0,0.0,59.76423949859074
2026-03-17,77.39287176301026,130.5,0,47.419295751112024,68.19794675807883,77.39287176301026,77.39287176301026,-19.106261015233653,-19.106261015233653,-19.106261015233653,-1.7569417487297185,-1.7569417487297185,-1.7569417487297185,-17.349319266503933,-17.349319266503933,-17.349319266503933,0.0,0.0,0.0,58.286610747776606
2026-03-18,77.72747571064596,130.5,0,48.0978045426098,68.96241112714127,77.72747571064596,77.72747571064596,-18.605338897877974,-18.605338897877974,-18.605338897877974,-1.0503886992031397,-1.0503886992031397,-1.0503886992031397,-17.554950198674835,-17.554950198674835,-17.554950198674835,0.0,0.0,0.0,59.12213681276799
2026-03-19,78.0613999019838,130.5,0,51.97515144337662,71.8845977275502,78.0613999019838,78.0613999019838,-16.737857209520758,-16.737857209520758,-16.737857209520758,1.0209840281964844,1.0209840281964844,1.0209840281964844,-17.75884123771724,-17.75884123771724,-17.75884123771724,0.0,0.0,0.0,61.32354269246305
2026-03-20,78.39462758211043,130.5,0,50.83829673144107,70.96382527803581,78.39462758211043,78.39462758211043,-17.510377516361608,-17.510377516361608,-17.510377516361608,0.45481912708266287,0.45481912708266287,0.45481912708266287,-17.965196643444273,-17.965196643444273,-17.965196643444273,0.0,0.0,0.0,60.88425006574882
2026-03-21,78.72714214453771,130.5,0,51.92764437113134,71.94978023469207,78.72714214453771,78.72714214453771,-16.501106732192373,-16.501106732192373,-16.501106732192373,1.6768131064256107,1.6768131064256107,1.6768131064256107,-18.177919838617985,-18.177919838617985,-18.177919838617985,0.0,0.0,0.0,62.22603541234534
2026-03-22,79.05892713425004,130.5,0,50.29907818089285,71.07661651605412,79.05892713425004,79.05892713425004,-18.589989906112645,-18.589989906112645,-18.589989906112645,-0.18947062744027227,-0.18947062744027227,-0.18947062744027227,-18.400519278672373,-18.400519278672373,-18.400519278672373,0.0,0.0,0.0,60.46893722813739
2026-03-23,79.38996625068508,130.5,0,49.990046934545255,70.80696532649785,79.38996625068508,79.38996625068508,-18.791844785135595,-18.791844785135595,-18.791844785135595,-0.1558151863339079,-0.1558151863339079,-0.1558151863339079,-18.636029598801688,-18.636029598801688,-18.636029598801688,0.0,0.0,0.0,60.59812146554948
2026-03-24,79.72024335064646,130.5,0,49.0887248353899,69.87261900568959,79.72024335064646,79.72024335064646,-20.643891768149867,-20.643891768149867,-20.643891768149867,-1.756941748727729,-1.756941748727729,-1.756941748727729,-18.886950019422137,-18.886950019422137,-18.886950019422137,0.0,0.0,0.0,59.076351582496585
2026-03-25,80.04974245114812,130.5,0,49.057187349624066,70.36401458843002,80.04974245114812,80.04974245114812,-20.205590137059506,-20.205590137059506,-20.205590137059506,-1.0503886992085942,-1.0503886992085942,-1.0503886992085942,-19.155201437850913,-19.155201437850913,-19.155201437850913,0.0,0.0,0.0,59.84415231408862
2026-03-26,80.37844773218872,130.5,0,51.525778361007816,71.97376644909728,80.37844773218872,80.37844773218872,-18.421119012818746,-18.421119012818746,-18.421119012818746,1.0209840282026053,1.0209840282026053,1.0209840282026053,-19.44210304102135,-19.44210304102135,-19.44210304102135,0.0,0.0,0.0,61.95732871936997
2026-03-27,80.70634353945593,130.5,0,51.11214980035845,71.76885047965237,80.70634353945593,80.70634353945593,-19.293549532420425,-19.293549532420425,-19.293549532420425,0.4548191270845594,0.4548191270845594,0.4548191270845594,-19.748368659504983,-19.748368659504983,-19.748368659504983,0.0,0.0,0.0,61.4127940070355
2026-03-28,81.03341438719406,130.5,0,52.19883922554467,73.08424178155055,81.03341438719406,81.03341438719406,-18.397309359032402,-18.397309359032402,-18.397309359032402,1.676813106426559,1.676813106426559,1.676813106426559,-20.07412246545896,-20.07412246545896,-20.07412246545896,0.0,0.0,0.0,62.63610502816165
2026-03-29,81.35964496005943,130.5,0,50.11612489693873,71.47431738052263,81.35964496005943,81.35964496005943,-20.60840364299848,-20.60840364299848,-20.60840364299848,-0.1894706274425628,-0.1894706274425628,-0.1894706274425628,-20.418933015555915,-20.418933015555915,-20.418933015555915,0.0,0.0,0.0,60.751241317060945
2026-03-30,81.68502011631548,130.5,0,50.911338840078095,71.10158421401579,81.68502011631548,81.68502011631548,-20.937679258914525,-20.937679258914525,-20.937679258914525,-0.1558151863316741,-0.1558151863316741,-0.1558151863316741,-20.781864072582852,-20.781864072582852,-20.781864072582852,0.0,0.0,0.0,60.74734085740096
2026-03-31,82.0095248900118,130.5,0,49.30656174986958,70.00794740615453,82.0095248900118,82.0095248900118,-22.91848187287183,-22.91848187287183,-22.91848187287183,-1.7569417487267096,-1.7569417487267096,-1.7569417487267096,-21.16154012414512,-21.16154012414512,-21.16154012414512,0.0,0.0,0.0,59.091043017139974
2026-04-01,82.33314449332514,130.5,0,49.92063548050014,69.52694986238986,82.33314449332514,82.33314449332514,-22.606612768296102,-22.606612768296102,-22.606612768296102,-1.0503886992034575,-1.0503886992034575,-1.0503886992034575,-21.556224069092643,-21.556224069092643,-21.556224069092643,0.0,0.0,0.0,59.726531725029034
2026-04-02,82.65586431882608,130.5,0,52.3974222088432,71.43056266425025,82.65586431882608,82.65586431882608,-20.94292014823929,-20.94292014823929,-20.94292014823929,1.0209840282001434,1.0209840282001434,1.0209840282001434,-21.96390417643943,-21.96390417643943,-21.96390417643943,0.0,0.0,0.0,61.71294417058679
2026-04-03,82.97766994167088,130.5,0,50.89169965195375,71.09877501102541,82.97766994167088,82.97766994167088,-21.927568021476148,-21.927568021476148,-21.927568021476148,0.45481912708394096,0.45481912708394096,0.45481912708394096,-22.38238714856009,-22.38238714856009,-22.38238714856009,0.0,0.0,0.0,61.050101920194734
2026-04-04,83.2985471217177,130.5,0,52.508957323631996,72.30122095167665,83.2985471217177,83.2985471217177,-21.13258084298395,-21.13258084298395,-21.13258084298395,1.676813106426276,1.676813106426276,1.676813106426276,-22.80939394941023,-22.80939394941023,-22.80939394941023,0.0,0.0,0.0,62.165966278733755
2026-04-05,83.61848180556736,130.5,0,49.40734910142806,70.54256852206424,83.61848180556736,83.61848180556736,-23.432125622046176,-23.432125622046176,-23.432125622046176,-0.1894706274403408,-0.1894706274403408,-0.1894706274403408,-23.242654994605836,-23.242654994605836,-23.242654994605836,0.0,0.0,0.0,60.186356183521184
2026-04-06,83.93746012852768,130.5,0,49.7979946508346,69.46137499064383,83.93746012852768,83.93746012852768,-23.835816532293567,-23.835816532293567,-23.835816532293567,-0.15581518633777275,-0.15581518633777275,-0.15581518633777275,-23.680001345955795,-23.680001345955795,-23.680001345955795,0.0,0.0,0.0,60.10164359623411
2026-04-07,84.25546841650186,130.5,0,48.450145745591904,68.16795479203174,84.25546841650186,84.25546841650186,-25.876390455952,-25.876390455952,-25.876390455952,-1.7569417487256904,-1.7569417487256904,-1.7569417487256904,-24.119448707226308,-24.119448707226308,-24.119448707226308,0.0,0.0,0.0,58.37907796054986
2026-04-08,84.57249318767082,130.5,0,48.80371401607874,69.39605205389365,84.57249318767082,84.57249318767082,-25.60965997525733,-25.60965997525733,-25.60965997525733,-1.0503886992093803,-1.0503886992093803,-1.0503886992093803,-24.559271276047948,-24.559271276047948,-24.559271276047948,0.0,0.0,0.0,58.962833212413486
2026-04-09,84.888521154616,130.5,0,50.95143822843607,71.46191845759762,84.888521154616,84.888521154616,-23.977078833177178,-23.977078833177178,-23.977078833177178,1.0209840281976816,1.0209840281976816,1.0209840281976816,-24.998062861374862,-24.998062861374862,-24.998062861374862,0.0,0.0,0.0,60.91144232143883
2026-04-10,85.20353922558847,130.5,0,49.86983769380281,69.59058234876885,85.20353922558847,85.20353922558847,-24.97996398883388,-24.97996398883388,-24.97996398883388,0.4548191270834002,0.4548191270834002,0.4548191270834002,-25.434783115917277,-25.434783115917277,-25.434783115917277,0.0,0.0,0.0,60.22357523675459
2026-04-11,85.51753450621936,130.5,0,50.789313595549054,71.36066359588882,85.51753450621936,85.51753450621936,-24.191974138676848,-24.191974138676848,-24.191974138676848,1.6768131064260936,1.6768131064260936,1.6768131064260936,-25.86878724510294,-25.86878724510294,-25.86878724510294,0.0,0.0,0.0,61.325560367542515
2026-04-12,85.83049430102379,130.5,0,49.80521913942369,69.64649076535241,85.83049430102379,85.83049430102379,-26.489308749968544,-26.489308749968544,-26.489308749968544,-0.18947062744263124,-0.18947062744263124,-0.18947062744263124,-26.299838122525912,-26.299838122525912,-26.299838122525912,0.0,0.0,0.0,59.34118555105525
2026-04-13,86.14240611482741,130.5,0,49.03721687222816,69.03142298657681,86.14240611482741,86.14240611482741,-26.883915535333045,-26.883915535333045,-26.883915535333045,-0.15581518633553873,-0.15581518633553873,-0.15581518633553873,-26.728100348997504,-26.728100348997504,-26.728100348997504,0.0,0.0,0.0,59.258490579494364
2026-04-14,86.4532576541162,130.5,0,47.519345908127114,67.8690961917014,86.4532576541162,86.4532576541162,-28.911058167618553,-28.911058167618553,-28.911058167618553,-1.7569417487246712,-1.7569417487246712,-1.7569417487246712,-27.154116418893878,-27.154116418893878,-27.154116418893878,0.0,0.0,0.0,57.54219948649765
2026-04-15,86.76303682830901,130.5,0,47.786274164736504,67.81653836589979,86.76303682830901,86.76303682830901,-28.629154483378375,-28.629154483378375,-28.629154483378375,-1.0503886992042437,-1.0503886992042437,-1.0503886992042437,-27.57876578417413,-27.57876578417413,-27.57876578417413,0.0,0.0,0.0,58.13388234493064
2026-04-16,87.07173175095377,130.5,0,50.85275680042974,70.09246846568134,87.07173175095377,87.07173175095377,-26.98222418449996,-26.98222418449996,-26.98222418449996,1.0209840282038025,1.0209840282038025,1.0209840282038025,-28.00320821270376,-28.00320821270376,-28.00320821270376,0.0,0.0,0.0,60.08950756645382
2026-04-17,87.37933074084683,130.5,0,48.98539950496152,69.55881723488092,87.37933074084683,87.37933074084683,-27.97399427725599,-27.97399427725599,-27.97399427725599,0.4548191270804223,0.4548191270804223,0.4548191270804223,-28.42881340433641,-28.42881340433641,-28.42881340433641,0.0,0.0,0.0,59.405336463590835
2026-04-18,87.685822323076,130.5,0,49.84065929642594,70.00687385933111,87.685822323076,87.685822323076,-27.180266230244925,-27.180266230244925,-27.180266230244925,1.6768131064259113,1.6768131064259113,1.6768131064259113,-28.85707933667084,-28.85707933667084,-28.85707933667084,0.0,0.0,0.0,60.50555609283107
2026-04-19,87.99119522998771,130.5,0,48.27132827414026,69.03827470345678,87.99119522998771,87.99119522998771,-29.479012873240897,-29.479012873240897,-29.479012873240897,-0.1894706274396482,-0.1894706274396482,-0.1894706274396482,-29.28954224580125,-29.28954224580125,-29.28954224580125,0.0,0.0,0.0,58.51218235674681
2026-04-20,88.29543840175373,130.5,0,47.6093379155687,68.41152121198866,88.29543840175373,88.29543840175373,-29.883496677255305,-29.883496677255305,-29.883496677255305,-0.1558151863362181,-0.1558151863362181,-0.1558151863362181,-29.72768149091909,-29.72768149091909,-29.72768149091909,0.0,0.0,0.0,58.41194172449842
2026-04-21,88.5985409881632,130.5,0,45.72853056832686,66.67642312625622,88.5985409881632,88.5985409881632,-31.929764541817374,-31.929764541817374,-31.929764541817374,-1.7569417487289032,-1.7569417487289032,-1.7569417487289032,-30.17282279308847,-30.17282279308847,-30.17282279308847,0.0,0.0,0.0,56.66877644634582
2026-04-22,88.9004923483851,130.5,0,46.76607983409396,67.13131133750932,88.9004923483851,88.9004923483851,-31.67643216798499,-31.67643216798499,-31.67643216798499,-1.0503886992044025,-1.0503886992044025,-1.0503886992044025,-30.626043468780587,-30.626043468780587,-30.626043468780587,0.0,0.0,0.0,57.22406018040011
2026-04-23,89.20128205196185,130.5,0,48.905745162885545,69.20557118594795,89.20128205196185,89.20128205196185,-30.067099263849595,-30.067099263849595,-30.067099263849595,1.0209840282013407,1.0209840282013407,1.0209840282013407,-31.088083292050936,-31.088083292050936,-31.088083292050936,0.0,0.0,0.0,59.134182788112255
2026-04-24,89.50089987940166,130.5,0,47.30741937730342,68.14603616995548,89.50089987940166,89.50089987940166,-31.10444538610828,-31.10444538610828,-31.10444538610828,0.45481912708224115,0.45481912708224115,0.45481912708224115,-31.559264513190524,-31.559264513190524,-31.559264513190524,0.0,0.0,0.0,58.396454493293376
2026-04-25,89.7993358226974,130.5,0,49.0579504891256,69.84737925735621,89.7993358226974,89.7993358226974,-30.36261123131528,-30.36261123131528,-30.36261123131528,1.6768131064257288,1.6768131064257288,1.6768131064257288,-32.03942433774101,-32.03942433774101,-32.03942433774101,0.0,0.0,0.0,59.43672459138212
2026-04-26,90.096580085773,130.5,0,47.412655834715814,67.05296741530309,90.096580085773,90.096580085773,-32.71733346033966,-32.71733346033966,-32.71733346033966,-0.18947062744193865,-0.18947062744193865,-0.18947062744193865,-32.527862832897725,-32.527862832897725,-32.527862832897725,0.0,0.0,0.0,57.37924662543334
2026-04-27,90.39262308485681,130.5,0,47.041874201469945,67.1757605585898,90.39262308485681,90.39262308485681,-33.17912397357564,-33.17912397357564,-33.17912397357564,-0.15581518633398433,-0.15581518633398433,-0.15581518633398433,-33.02330878724165,-33.02330878724165,-33.02330878724165,0.0,0.0,0.0,57.213499111281166
2026-04-28,90.68745544878377,130.5,0,44.93867489547381,64.50164575923702,90.68745544878377,90.68745544878377,-35.280847264911316,-35.280847264911316,-35.280847264911316,-1.756941748722633,-1.756941748722633,-1.756941748722633,-33.523905516188684,-33.523905516188684,-33.523905516188684,0.0,0.0,0.0,55.40660818387245
2026-04-29,90.98106801922638,130.5,0,45.58114123359037,65.67178468569497,90.98106801922638,90.98106801922638,-35.077606693834504,-35.077606693834504,-35.077606693834504,-1.0503886992045617,-1.0503886992045617,-1.0503886992045617,-34.02721799462994,-34.02721799462994,-34.02721799462994,0.0,0.0,0.0,55.90346132539188
2026-04-30,91.27345185085551,130.5,0,47.19658006996227,67.75248867309928,91.27345185085551,91.27345185085551,-33.50927799927221,-33.50927799927221,-33.50927799927221,1.0209840281984743,1.0209840281984743,1.0209840281984743,-34.530262027470684,-34.530262027470684,-34.530262027470684,0.0,0.0,0.0,57.7641738515833
2026-05-01,91.56459821143117,130.5,0,47.08422662590008,67.410857107108,91.56459821143117,91.56459821143117,-34.57473633079168,-34.57473633079168,-34.57473633079168,0.45481912708170036,0.45481912708170036,0.45481912708170036,-35.02955545787338,-35.02955545787338,-35.02955545787338,0.0,0.0,0.0,56.989861880639495
2026-05-02,91.85449858182518,130.5,0,47.39818708350506,68.49089483573628,91.85449858182518,91.85449858182518,-33.84437757672327,-33.84437757672327,-33.84437757672327,1.676813106425446,1.676813106425446,1.676813106425446,-35.52119068314872,-35.52119068314872,-35.52119068314872,0.0,0.0,0.0,58.010121005101915
2026-05-03,92.14314465597519,130.5,0,45.55300755043872,66.17210316914237,92.14314465597519,92.14314465597519,-36.19039764918304,-36.19039764918304,-36.19039764918304,-0.1894706274419729,-0.1894706274419729,-0.1894706274419729,-36.00092702174106,-36.00092702174106,-36.00092702174106,0.0,0.0,0.0,55.95274700679215
2026-05-04,92.4305283407718,130.5,0,45.75275313275569,66.08731919907197,92.4305283407718,92.4305283407718,-36.62011596036729,-36.62011596036729,-36.62011596036729,-0.15581518633175062,-0.15581518633175062,-0.15581518633175062,-36.46430077403554,-36.46430077403554,-36.46430077403554,0.0,0.0,0.0,55.81041238040451
2026-05-05,92.71664175587945,130.5,0,43.73914845521328,64.5222342253831,92.71664175587945,92.71664175587945,-38.66369191562894,-38.66369191562894,-38.66369191562894,-1.7569417487258945,-1.7569417487258945,-1.7569417487258945,-36.906750166903045,-36.906750166903045,-36.906750166903045,0.0,0.0,0.0,54.05294984025051
2026-05-06,93.00147723349161,130.5,0,43.80248160849779,64.76472603420983,93.00147723349161,93.00147723349161,-38.37414048726653,-38.37414048726653,-38.37414048726653,-1.0503886992047204,-1.0503886992047204,-1.0503886992047204,-37.323751788061806,-37.323751788061806,-37.323751788061806,0.0,0.0,0.0,54.62733674622508
2026-05-07,93.28502731802166,130.5,0,46.529202738038585,67.20158049654884,93.28502731802166,93.28502731802166,-36.6899805927919,-36.6899805927919,-36.6899805927919,1.020984028200304,1.020984028200304,1.020984028200304,-37.7109646209922,-37.7109646209922,-37.7109646209922,0.0,0.0,0.0,56.595046725229764
2026-05-08,93.56728476573007,130.5,0,45.92933327932738,66.55853806332877,93.56728476573007,93.56728476573007,-37.60955827412617,-37.60955827412617,-37.60955827412617,0.45481912708359684,0.45481912708359684,0.45481912708359684,-38.06437740120977,-38.06437740120977,-38.06437740120977,0.0,0.0,0.0,55.95772649160389
2026-05-09,93.848242544289,130.5,0,47.49091875525274,66.76830243559222,93.848242544289,93.848242544289,-36.70364163820602,-36.70364163820602,-36.70364163820602,1.6768131064253637,1.6768131064253637,1.6768131064253637,-38.380454744631386,-38.380454744631386,-38.380454744631386,0.0,0.0,0.0,57.14460090608297
2026-05-10,94.12789383228524,130.5,0,44.617213137859565,65.6377034252121,94.12789383228524,94.12789383228524,-38.845747986985295,-38.845747986985295,-38.845747986985295,-0.18947062744200732,-0.18947062744200732,-0.18947062744200732,-38.65627735954329,-38.65627735954329,-38.65627735954329,0.0,0.0,0.0,55.282145845299944
2026-05-11,94.40623201866254,130.5,0,45.3080669675569,65.9080569263514,94.40623201866254,94.40623201866254,-39.04548683883536,-39.04548683883536,-39.04548683883536,-0.1558151863378491,-0.1558151863378491,-0.1558151863378491,-38.88967165249751,-38.88967165249751,-38.88967165249751,0.0,0.0,0.0,55.36074517982718
2026-05-12,94.68325070210427,130.5,0,42.997723753006376,64.16800759451152,94.68325070210427,94.68325070210427,-40.83626592760553,-40.83626592760553,-40.83626592760553,-1.7569417487248753,-1.7569417487248753,-1.7569417487248753,-39.079324178880654,-39.079324178880654,-39.079324178880654,0.0,0.0,0.0,53.84698477449874
2026-05-13,94.95894369035757,130.5,0,44.710305262153646,65.11849790660942,94.95894369035757,94.95894369035757,-40.27526536923065,-40.27526536923065,-40.27526536923065,-1.0503886991995837,-1.0503886991995837,-1.0503886991995837,-39.22487667003107,-39.22487667003107,-39.22487667003107,0.0,0.0,0.0,54.68367832112692
2026-05-14,95.2333049995,130.5,0,46.70794615441736,66.98925981755794,95.2333049995,95.2333049995,-38.30601375772264,-38.30601375772264,-38.30601375772264,1.0209840282021334,1.0209840282021334,1.0209840282021334,-39.32699778592477,-39.32699778592477,-39.32699778592477,0.0,0.0,0.0,56.92729124177737
2026-05-15,95.50632885314981,130.5,0,46.80712048725491,67.51768855517727,95.50632885314981,95.50632885314981,-38.93260915933033,-38.93260915933033,-38.93260915933033,0.4548191270854935,0.4548191270854935,0.4548191270854935,-39.38742828641583,-39.38742828641583,-39.38742828641583,0.0,0.0,0.0,56.57371969381948
2026-05-16,95.77800968162069,130.5,0,47.71180738930482,68.78220326806604,95.77800968162069,95.77800968162069,-37.73218386582264,-37.73218386582264,-37.73218386582264,1.6768131064262117,1.6768131064262117,1.6768131064262117,-39.40899697224886,-39.40899697224886,-39.40899697224886,0.0,0.0,0.0,58.04582581579805
2026-05-17,96.04834212102269,130.5,0,46.198735869279446,66.83849527687919,96.04834212102269,96.04834212102269,-39.5850761303412,-39.5850761303412,-39.5850761303412,-0.1894706274420416,-0.1894706274420416,-0.1894706274420416,-39.39560550289916,-39.39560550289916,-39.39560550289916,0.0,0.0,0.0,56.463265990681485
2026-05-18,96.31732101230966,130.5,0,46.24959484321277,67.7373787500467,96.31732101230966,96.31732101230966,-39.507996218703425,-39.507996218703425,-39.507996218703425,-0.1558151863356154,-0.1558151863356154,-0.1558151863356154,-39.35218103236781,-39.35218103236781,-39.35218103236781,0.0,0.0,0.0,56.80932479360624
2026-05-19,96.58494140027516,130.5,0,45.07869156065549,65.0544757795095,96.58494140027516,96.58494140027516,-41.04153824276011,-41.04153824276011,-41.04153824276011,-1.7569417487291072,-1.7569417487291072,-1.7569417487291072,-39.28459649403101,-39.28459649403101,-39.28459649403101,0.0,0.0,0.0,55.543403157515044
2026-05-20,96.8511985324972,130.5,0,46.67859694421012,66.87067700128976,96.8511985324972,96.8511985324972,-40.24994798652676,-40.24994798652676,-40.24994798652676,-1.0503886992050382,-1.0503886992050382,-1.0503886992050382,-39.199559287321726,-39.199559287321726,-39.199559287321726,0.0,0.0,0.0,56.60125054597043
2026-05-21,97.11608785823364,130.5,0,48.84504785484979,69.1495632913939,97.11608785823364,97.11608785823364,-38.083486018649204,-38.083486018649204,-38.083486018649204,1.020984028199267,1.020984028199267,1.020984028199267,-39.10447004684847,-39.10447004684847,-39.10447004684847,0.0,0.0,0.0,59.03260183958444
2026-05-22,97.37960502726901,130.5,0,48.78917381750616,70.00646303508876,97.37960502726901,97.37960502726901,-38.552434954946534,-38.552434954946534,-38.552434954946534,0.4548191270825155,0.4548191270825155,0.4548191270825155,-39.00725408202905,-39.00725408202905,-39.00725408202905,0.0,0.0,0.0,58.827170072322474
2026-05-23,97.64174588871433,130.5,0,49.7682987967469,70.93441752719546,97.64174588871433,97.64174588871433,-37.23935583005331,-37.23935583005331,-37.23935583005331,1.6768131064260294,1.6768131064260294,1.6768131064260294,-38.91616893647934,-38.91616893647934,-38.91616893647934,0.0,0.0,0.0,60.40239005866101
2026-05-24,97.90250648976034,130.5,0,48.17061712095237,68.35996859951116,97.90250648976034,97.90250648976034,-39.02906293303952,-39.02906293303952,-39.02906293303952,-0.18947062743905835,-0.18947062743905835,-0.18947062743905835,-38.83959230560046,-38.83959230560046,-38.83959230560046,0.0,0.0,0.0,58.87344355672082
2026-05-25,98.16188307438647,130.5,0,49.19437553907509,69.15928237822743,98.16188307438647,98.16188307438647,-38.94161043066526,-38.94161043066526,-38.94161043066526,-0.1558151863375477,-0.1558151863375477,-0.1558151863375477,-38.78579524432771,-38.78579524432771,-38.78579524432771,0.0,0.0,0.0,59.22027264372121
2026-05-26,98.41987208202569,130.5,0,47.324881467678615,68.11410467327167,98.41987208202569,98.41987208202569,-40.51964792195278,-40.51964792195278,-40.51964792195278,-1.756941748733339,-1.756941748733339,-1.756941748733339,-38.76270617321944,-38.76270617321944,-38.76270617321944,0.0,0.0,0.0,57.90022416007291
2026-05-27,98.67647014618717,130.5,0,48.65532566118801,68.85154067595546,98.67647014618717,98.67647014618717,-39.82806033040269,-39.82806033040269,-39.82806033040269,-1.0503886992056657,-1.0503886992056657,-1.0503886992056657,-38.77767163119703,-38.77767163119703,-38.77767163119703,0.0,0.0,0.0,58.84840981578448
2026-05-28,98.93167409303761,130.5,0,50.38764933504397,71.22780904899913,98.93167409303761,98.93167409303761,-37.816235983960134,-37.816235983960134,-37.816235983960134,1.0209840282010967,1.0209840282010967,1.0209840282010967,-38.83722001216123,-38.83722001216123,-38.83722001216123,0.0,0.0,0.0,61.11543810907748
2026-05-29,99.18548093994247,130.5,0,50.25983148949397,70.83202299992283,99.18548093994247,99.18548093994247,-38.49201552187346,-38.49201552187346,-38.49201552187346,0.45481912708441197,0.45481912708441197,0.45481912708441197,-38.946834648957875,-38.946834648957875,-38.946834648957875,0.0,0.0,0.0,60.693465418069
2026-05-30,99.43788789396848,130.5,0,51.927501337271615,71.78820698441359,99.43788789396848,99.43788789396848,-37.43392945853508,-37.43392945853508,-37.43392945853508,1.6768131064257463,1.6768131064257463,1.6768131064257463,-39.11074256496083,-39.11074256496083,-39.11074256496083,0.0,0.0,0.0,62.0039584354334
2026-05-31,99.68889235034858,130.5,0,49.6627329392537,70.44813942665837,99.68889235034858,99.68889235034858,-39.52119562572945,-39.52119562572945,-39.52119562572945,-0.18947062743909268,-0.18947062743909268,-0.18947062743909268,-39.33172499829035,-39.33172499829035,-39.33172499829035,0.0,0.0,0.0,60.167696724619134
2026-06-01,99.93849189091036,130.5,0,50.161925430762565,70.13232265394218,99.93849189091036,99.93849189091036,-39.76677060511363,-39.76677060511363,-39.76677060511363,-0.15581518633406077,-0.15581518633406077,-0.15581518633406077,-39.61095541877957,-39.61095541877957,-39.61095541877957,0.0,0.0,0.0,60.17172128579673
2026-06-02,100.18668428246947,130.5,0,48.39146905717867,68.67278750742823,100.18668428246947,100.18668428246947,-41.7048119590465,-41.7048119590465,-41.7048119590465,-1.7569417487270689,-1.7569417487270689,-1.7569417487270689,-39.94787021031944,-39.94787021031944,-39.94787021031944,0.0,0.0,0.0,58.48187232342297
2026-06-03,100.43346747518902,130.5,0,49.764261237335475,68.33695075963927,100.43346747518902,100.43346747518902,-41.39046519181384,-41.39046519181384,-41.39046519181384,-1.05038869921112,-1.05038869921112,-1.05038869921112,-40.34007649260272,-40.34007649260272,-40.34007649260272,0.0,0.0,0.0,59.04300228337518
2026-06-04,100.67883960090627,130.5,0,51.36593451134336,71.10620914106465,100.67883960090627,100.67883960090627,-39.762316694388204,-39.762316694388204,-39.762316694388204,1.0209840281986349,1.0209840281986349,1.0209840281986349,-40.78330072258684,-40.78330072258684,-40.78330072258684,0.0,0.0,0.0,60.91652290651807
2026-06-05,100.92279897142777,130.5,0,49.844975358569535,70.51758782104338,100.92279897142777,100.92279897142777,-40.81656163989649,-40.81656163989649,-40.81656163989649,0.4548191270838714,0.4548191270838714,0.4548191270838714,-41.271380766980364,-41.271380766980364,-41.271380766980364,0.0,0.0,0.0,60.106237331531275
2026-06-06,101.16534407679418,130.5,0,51.58169282099993,71.41744336485466,101.16534407679418,101.16534407679418,-40.11948998966421,-40.11948998966421,-40.11948998966421,1.6768131064254634,1.6768131064254634,1.6768131064254634,-41.79630309608968,-41.79630309608968,-41.79630309608968,0.0,0.0,0.0,61.045854087129975
2026-06-07,101.40647358351609,130.5,0,48.84432339016806,69.4151961231897,101.40647358351609,101.40647358351609,-42.53775626994976,-42.53775626994976,-42.53775626994976,-0.18947062744138313,-0.18947062744138313,-0.18947062744138313,-42.34828564250838,-42.34828564250838,-42.34828564250838,0.0,0.0,0.0,58.86871731356633
2026-06-08,101.64618633278171,130.5,0,48.02926408704836,68.3452938068708,101.64618633278171,101.64618633278171,-43.07172091003905,-43.07172091003905,-43.07172091003905,-0.1558151863359933,-0.1558151863359933,-0.1558151863359933,-42.915905723703055,-42.915905723703055,-42.915905723703055,0.0,0.0,0.0,58.57446542274266
2026-06-09,101.88448133863814,130.5,0,46.56185414135496,66.24539491512141,101.88448133863814,101.88448133863814,-45.243213024085776,-45.243213024085776,-45.243213024085776,-1.7569417487313006,-1.7569417487313006,-1.7569417487313006,-43.486271275354476,-43.486271275354476,-43.486271275354476,0.0,0.0,0.0,56.64126831455236
2026-06-10,102.12135778614663,130.5,0,46.73745591722349,66.72038685231853,102.12135778614663,102.12135778614663,-45.095621211725444,-45.095621211725444,-45.095621211725444,-1.0503886992059834,-1.0503886992059834,-1.0503886992059834,-44.04523251251947,-44.04523251251947,-44.04523251251947,0.0,0.0,0.0,57.02573657442119
2026-06-11,102.35681502951405,130.5,0,48.83366972830608,69.28306143155355,102.35681502951405,102.35681502951405,-43.55664603040879,-43.55664603040879,-43.55664603040879,1.0209840282004643,1.0209840282004643,1.0209840282004643,-44.57763005860925,-44.57763005860925,-44.57763005860925,0.0,0.0,0.0,58.80016899910526
2026-06-12,102.59085259020054,130.5,0,47.91036069525091,68.87032199751673,102.59085259020054,102.59085259020054,-44.612755459645214,-44.612755459645214,-44.612755459645214,0.4548191270832528,0.4548191270832528,0.4548191270832528,-45.06757458672847,-45.06757458672847,-45.06757458672847,0.0,0.0,0.0,57.97809713055533
2026-06-13,102.82347015500572,130.5,0,48.64470398640886,68.95349827320263,102.82347015500572,102.82347015500572,-43.82193902527568,-43.82193902527568,-43.82193902527568,1.6768131064253813,1.6768131064253813,1.6768131064253813,-45.49875213170107,-45.49875213170107,-45.49875213170107,0.0,0.0,0.0,59.00153112973004
2026-06-14,103.05466757413333,130.5,0,46.878917110733205,66.80747786276291,103.05466757413333,103.05466757413333,-46.04421910584952,-46.04421910584952,-46.04421910584952,-0.18947062743916104,-0.18947062743916104,-0.18947062743916104,-45.854748478410364,-45.854748478410364,-45.854748478410364,0.0,0.0,0.0,57.01044846828381
2026-06-15,103.28444485923676,130.5,0,47.006040076459335,66.65065813147388,103.28444485923676,103.28444485923676,-46.27520062115227,-46.27520062115227,-46.27520062115227,-0.15581518633375938,-0.15581518633375938,-0.15581518633375938,-46.11938543481851,-46.11938543481851,-46.11938543481851,0.0,0.0,0.0,57.009244238084484
2026-06-16,103.51280218144552,130.5,0,45.66543663659216,65.5767647600633,103.51280218144552,103.51280218144552,-48.034003122067496,-48.034003122067496,-48.034003122067496,-1.7569417487302814,-1.7569417487302814,-1.7569417487302814,-46.27706137333722,-46.27706137333722,-46.27706137333722,0.0,0.0,0.0,55.47879905937803
2026-06-17,103.73973986937415,130.5,0,46.151197149217076,66.39239659853705,103.73973986937415,103.73973986937415,-47.3634768848755,-47.3634768848755,-47.3634768848755,-1.050388699211906,-1.050388699211906,-1.050388699211906,-46.313088185663595,-46.313088185663595,-46.313088185663595,0.0,0.0,0.0,56.376262984498645
2026-06-18,103.96525840711509,130.5,0,47.76313500532454,68.66604467388491,103.96525840711509,103.96525840711509,-45.193032723605185,-45.193032723605185,-45.193032723605185,1.0209840281980025,1.0209840281980025,1.0209840281980025,-46.21401675180319,-46.21401675180319,-46.21401675180319,0.0,0.0,0.0,58.7722256835099
2026-06-19,104.1893584322158,130.5,0,48.14839372776844,68.64033310607836,104.1893584322158,104.1893584322158,-45.51312405040141,-45.51312405040141,-45.51312405040141,0.4548191270827122,0.4548191270827122,0.4548191270827122,-45.96794317748412,-45.96794317748412,-45.96794317748412,0.0,0.0,0.0,58.67623438181439
2026-06-20,104.41204073364185,130.5,0,50.39716023489642,71.06377213912428,104.41204073364185,104.41204073364185,-43.88797529691682,-43.88797529691682,-43.88797529691682,1.6768131064264302,1.6768131064264302,1.6768131064264302,-45.56478840334326,-45.56478840334326,-45.56478840334326,0.0,0.0,0.0,60.524065436725024
2026-06-21,104.63330624972664,130.5,0,49.29783970240812,69.57857197935621,104.63330624972664,104.63330624972664,-45.18601495500502,-45.18601495500502,-45.18601495500502,-0.1894706274414517,-0.1894706274414517,-0.1894706274414517,-44.996544327563576,-44.996544327563576,-44.996544327563576,0.0,0.0,0.0,59.44729129472162
2026-06-22,104.85315606610939,130.5,0,50.39058134687634,71.06295501394851,104.85315606610939,104.85315606610939,-44.413295484942836,-44.413295484942836,-44.413295484942836,-0.15581518633569177,-0.15581518633569177,-0.15581518633569177,-44.25748029860714,-44.25748029860714,-44.25748029860714,0.0,0.0,0.0,60.439860581166556
2026-06-23,105.07159141366122,130.5,0,48.90235515024711,69.21406021836299,105.07159141366122,105.07159141366122,-45.101246458695,-45.101246458695,-45.101246458695,-1.756941748728292,-1.756941748728292,-1.756941748728292,-43.34430470996671,-43.34430470996671,-43.34430470996671,0.0,0.0,0.0,59.97034495496622
2026-06-24,105.28861366640216,130.5,0,52.250665053885804,72.32971708621838,105.28861366640216,105.28861366640216,-43.30666614247339,-43.30666614247339,-43.30666614247339,-1.050388699212065,-1.050388699212065,-1.050388699212065,-42.25627744326132,-42.25627744326132,-42.25627744326132,0.0,0.0,0.0,61.98194752392877
2026-06-25,105.50422433940805,130.5,0,55.1813983691761,75.55747978122419,105.50422433940805,105.50422433940805,-39.97428600644174,-39.97428600644174,-39.97428600644174,1.0209840282041234,1.0209840282041234,1.0209840282041234,-40.995270034645856,-40.995270034645856,-40.995270034645856,0.0,0.0,0.0,65.52993833296631
2026-06-26,105.71842508671031,130.5,0,56.290148887002374,77.34202456065672,105.71842508671031,105.71842508671031,-39.11095252760883,-39.11095252760883,-39.11095252760883,0.4548191270846089,0.4548191270846089,0.4548191270846089,-39.565771654693435,-39.565771654693435,-39.565771654693435,0.0,0.0,0.0,66.60747255910148
2026-06-27,105.93121769918774,130.5,0,59.77737759896667,79.79431121996173,105.93121769918774,105.93121769918774,-36.29802715642122,-36.29802715642122,-36.29802715642122,1.6768131064261473,1.6768131064261473,1.6768131064261473,-37.97484026284737,-37.97484026284737,-37.97484026284737,0.0,0.0,0.0,69.63319054276653
2026-06-28,106.1426041024528,130.5,0,59.83969535832577,80.1833979743322,106.1426041024528,106.1426041024528,-36.42147022030329,-36.42147022030329,-36.42147022030329,-0.1894706274384686,-0.1894706274384686,-0.1894706274384686,-36.231999592864824,-36.231999592864824,-36.231999592864824,0.0,0.0,0.0,69.7211338821495
2026-06-29,106.35258635473231,130.5,0,62.005693286429846,82.25058360346647,106.35258635473231,106.35258635473231,-34.50489909842885,-34.50489909842885,-34.50489909842885,-0.15581518633345806,-0.15581518633345806,-0.15581518633345806,-34.34908391209539,-34.34908391209539,-34.34908391209539,0.0,0.0,0.0,71.84768725630346
2026-06-30,106.5611666447439,130.5,0,62.51071305630678,82.4685729943946,106.5611666447439,106.5611666447439,-34.09697549121669,-34.09697549121669,-34.09697549121669,-1.7569417487272725,-1.7569417487272725,-1.7569417487272725,-32.34003374248942,-32.34003374248942,-32.34003374248942,0.0,0.0,0.0,72.46419115352722
2026-07-01,106.7683472895694,130.5,0,65.81651806128791,85.8149839819862,106.7683472895694,106.7683472895694,-31.271035602629603,-31.271035602629603,-31.271035602629603,-1.050388699212224,-1.050388699212224,-1.050388699212224,-30.220646903417375,-30.220646903417375,-30.220646903417375,0.0,0.0,0.0,75.49731168693981
2026-07-02,106.97413073252511,130.5,0,69.45307408730366,89.95670680712892,106.97413073252363,106.97413073252363,-26.98730627731148,-26.98730627731148,-26.98730627731148,1.0209840282016616,1.0209840282016616,1.0209840282016616,-28.00829030551314,-28.00829030551314,-28.00829030551314,0.0,0.0,0.0,79.98682445521364
2026-07-03,107.17851954103118,130.5,0,71.73472739622406,92.44156779579488,107.17851954395881,107.17851954395881,-25.266759736565703,-25.266759736565703,-25.266759736565703,0.454819127084068,0.454819127084068,0.454819127084068,-25.721578863649768,-25.721578863649768,-25.721578863649768,0.0,0.0,0.0,81.91175980446548
2026-07-04,107.38151640447968,130.5,0,75.10418865490084,96.2749714063412,107.38151641872017,107.38151641872017,-21.703215575406478,-21.703215575406478,-21.703215575406478,1.6768131064258642,1.6768131064258642,1.6768131064258642,-23.380028681832343,-23.380028681832343,-23.380028681832343,0.0,0.0,0.0,85.67830082907321
2026-07-05,107.58312413210304,130.5,0,75.90424191916836,96.79418224437626,107.58312415920842,107.58312415920842,-21.19316290061111,-21.19316290061111,-21.19316290061111,-0.1894706274385028,-0.1894706274385028,-0.1894706274385028,-21.003692273172607,-21.003692273172607,-21.003692273172607,0.0,0.0,0.0,86.38996123149192
2026-07-06,107.7833456508433,130.5,0,78.3044343729337,99.12562615993312,107.78334545209454,107.78334591250729,-18.76859918520769,-18.76859918520769,-18.76859918520769,-0.15581518633955654,-0.15581518633955654,-0.15581518633955654,-18.612783998868135,-18.612783998868135,-18.612783998868135,0.0,0.0,0.0,89.01474646563561
2026-07-07,107.98218400322311,130.5,0,79.97896075891049,101.31075846714545,107.98218344397742,107.98218456985401,-17.984245878672244,-17.984245878672244,-17.984245878672244,-1.7569417487262535,-1.7569417487262535,-1.7569417487262535,-16.22730412994599,-16.22730412994599,-16.22730412994599,0.0,0.0,0.0,89.99793812455087
2026-07-08,108.17964234521914,130.5,0,83.52831371575418,104.38953431219808,108.17964131280566,108.17964326639822,-14.917058649275342,-14.917058649275342,-14.917058649275342,-1.0503886992070874,-1.0503886992070874,-1.0503886992070874,-13.866669950068253,-13.866669950068253,-13.866669950068253,0.0,0.0,0.0,93.26258369594379
2026-07-09,108.37572394413893,130.5,0,87.53857251140802,107.79916702171793,108.3757224987489,108.37572523187026,-10.528378097596807,-10.528378097596807,-10.528378097596807,1.0209840281987952,1.0209840281987952,1.0209840281987952,-11.549362125795602,-11.549362125795602,-11.549362125795602,0.0,0.0,0.0,97.84734584654211
2026-07-10,108.57043217650155,130.5,0,89.18515833798627,109.67859200184958,108.57043011495936,108.57043424976703,-8.83777505080186,-8.83777505080186,-8.83777505080186,0.4548191270859648,0.4548191270859648,0.4548191270859648,-9.292594177887823,-9.292594177887823,-9.292594177887823,0.0,0.0,0.0,99.73265712569969
2026-07-11,108.76377052592325,130.5,0,93.3057824991306,113.9703333986945,108.76376778689477,108.76377305848602,-5.4351991979977585,-5.4351991979977585,-5.4351991979977585,1.676813106425682,1.676813106425682,1.676813106425682,-7.112012304423441,-7.112012304423441,-7.112012304423441,0.0,0.0,0.0,103.32857132792549
2026-07-12,108.95574258100825,130.5,0,93.7505733036307,114.21558708454008,108.95573893634531,108.95574579615732,-5.21090267540859,-5.21090267540859,-5.21090267540859,-0.18947062743853704,-0.18947062743853704,-0.18947062743853704,-5.021432047970054,-5.021432047970054,-5.021432047970054,0.0,0.0,0.0,103.74483990559966
2026-07-13,109.14635203324612,130.5,0,95.94230182967432,116.18109716149478,109.1463476196805,109.14635596388,-3.188432571897845,-3.188432571897845,-3.188432571897845,-0.1558151863373227,-0.1558151863373227,-0.1558151863373227,-3.0326173855605227,-3.0326173855605227,-3.0326173855605227,0.0,0.0,0.0,105.95791946134827
2026-07-14,109.33560267491555,130.5,0,95.76026294005723,116.22083528415186,109.33559759542148,109.33560714749703,-2.912048523391566,-2.912048523391566,-2.912048523391566,-1.7569417487242645,-1.7569417487242645,-1.7569417487242645,-1.155106774667302,-1.155106774667302,-1.155106774667302,0.0,0.0,0.0,106.42355415152399
2026-07-15,109.52349839699598,130.5,0,99.32543876869975,118.65093369908915,109.52349258893791,109.523503712977,-0.44647823779576773,-0.44647823779576773,-0.44647823779576773,-1.0503886992019507,-1.0503886992019507,-1.0503886992019507,0.603910461406183,0.603910461406183,0.603910461406183,0.0,0.0,0.0,109.0770201592002
2026-07-16,109.71004318708714,130.5,0,103.071821514634,123.90101957179972,109.71003653042648,109.71004919653619,3.260649278540004,3.260649278540004,3.260649278540004,1.0209840282006248,1.0209840282006248,1.0209840282006248,2.2396652503393795,2.2396652503393795,2.2396652503393795,0.0,0.0,0.0,112.97069246562714
2026-07-17,109.89524112733753,130.5,0,103.43022246935301,124.51160053991305,109.89523339753396,109.89524780169684,4.2046456269934716,4.2046456269934716,4.2046456269934716,0.45481912708047173,0.45481912708047173,0.45481912708047173,3.749826499913,3.749826499913,3.749826499913,0.0,0.0,0.0,114.099886754331
2026-07-18,110.07909639238214,130.5,0,106.44462137987672,126.89781588147251,110.0790875911524,110.07910403292823,6.811278935462596,6.811278935462596,6.811278935462596,1.6768131064254996,1.6768131064254996,1.6768131064254996,5.134465829037096,5.134465829037096,5.134465829037096,0.0,0.0,0.0,116.89037532784474
2026-07-19,110.26161324729016,130.5,0,106.98203845738574,127.10400089433513,110.26160354218715,110.26162199701288,6.206500320987129,6.206500320987129,6.206500320987129,-0.18947062744082757,-0.18947062744082757,-0.18947062744082757,6.395970948427956,6.395970948427956,6.395970948427956,0.0,0.0,0.0,116.46811356827729
2026-07-20,110.44279604552322,130.5,0,107.98150516106195,127.22645559906495,110.44278539598128,110.44280584554703,7.383095357399757,7.383095357399757,7.383095357399757,-0.15581518633383598,-0.15581518633383598,-0.15581518633383598,7.538910543733593,7.538910543733593,7.538910543733593,0.0,0.0,0.0,117.82589140292298
2026-07-21,110.62264922690487,130.5,0,106.67999431258018,127.85368637343598,110.62263712453264,110.62265984087568,6.812912886645596,6.812912886645596,6.812912886645596,-1.7569417487284962,-1.7569417487284962,-1.7569417487284962,8.569854635374092,8.569854635374092,8.569854635374092,0.0,0.0,0.0,117.43556211355046
2026-07-22,110.8011773156013,130.5,0,109.01685570014183,129.3025344768403,110.80116396255808,110.80118920863244,8.446766700664034,8.446766700664034,8.446766700664034,-1.0503886992021096,-1.0503886992021096,-1.0503886992021096,9.497155399866143,9.497155399866143,9.497155399866143,0.0,0.0,0.0,119.24794401626532
2026-07-23,110.97838491811463,130.5,0,112.56845005581859,132.9874470939704,110.97837031171652,110.9783979821751,11.351678340229366,11.351678340229366,11.351678340229366,1.0209840282024543,1.0209840282024543,1.0209840282024543,10.33069431202691,10.33069431202691,10.33069431202691,0.0,0.0,0.0,122.330063258344
2026-07-24,111.15427672128845,130.5,0,112.24804851369808,132.80379689377727,111.15426064337528,111.15429079382328,11.536421312306047,11.536421312306047,11.536421312306047,0.45481912708236805,0.45481912708236805,0.45481912708236805,11.081602185223678,11.081602185223678,11.081602185223678,0.0,0.0,0.0,122.6906980335945
2026-07-25,111.32885749032681,130.5,0,114.18664252511462,134.92874546191925,111.32884043234823,111.3288725401999,13.438772337638062,13.438772337638062,13.438772337638062,1.6768131064264478,1.6768131064264478,1.6768131064264478,11.761959231211614,11.761959231211614,11.761959231211614,0.0,0.0,0.0,124.76762982796487
2026-07-26,111.50213206682645,130.5,0,112.99491686990886,134.3236596892198,111.50211358511191,111.50214855649028,12.19501199250521,12.19501199250521,12.19501199250521,-0.18947062744311804,-0.18947062744311804,-0.18947062744311804,12.38448261994833,12.38448261994833,12.38448261994833,0.0,0.0,0.0,123.69714405933166
2026-07-27,111.67410536682331,130.5,0,114.01193486924794,134.85266886512125,111.67408569220285,111.67412287958605,12.806393999878512,12.806393999878512,12.806393999878512,-0.15581518633576835,-0.15581518633576835,-0.15581518633576835,12.96220918621428,12.96220918621428,12.96220918621428,0.0,0.0,0.0,124.48049936670182
2026-07-28,111.84478237885348,130.5,0,113.9017928757603,134.37011123080836,111.84476215375028,111.84480086824536,11.751239153032014,11.751239153032014,11.751239153032014,-1.756941748722226,-1.756941748722226,-1.756941748722226,13.50818090175424,13.50818090175424,13.50818090175424,0.0,0.0,0.0,123.5960215318855
2026-07-29,112.01416816202862,130.5,0,114.15812797134586,134.6117530589051,112.0141468125163,112.01418762270053,12.984751813210071,12.984751813210071,12.984751813210071,-1.0503886992022682,-1.0503886992022682,-1.0503886992022682,14.03514051241234,14.03514051241234,14.03514051241234,0.0,0.0,0.0,124.99891997523869
2026-07-30,112.18226784412738,130.5,0,116.94283805855578,138.11822894635415,112.18224569298182,112.18228834792866,15.576228365656043,15.576228365656043,15.576228365656043,1.0209840281999925,1.0209840281999925,1.0209840281999925,14.55524433745605,14.55524433745605,14.55524433745605,0.0,0.0,0.0,127.75849620978343
2026-07-31,112.34908661970168,130.5,0,117.84194371528037,138.96746517134036,112.34906362393744,112.34910851979332,15.53461778291274,15.53461778291274,15.53461778291274,0.45481912708182737,0.45481912708182737,0.45481912708182737,15.079798655830913,15.079798655830913,15.079798655830913,0.0,0.0,0.0,127.88370440261443
